image_path,patient_id,anemia_label,image_id
Fingernails/Anemic-Fin-007 (10).png,Anemic-Fin-007,1,IMG_00000
Fingernails/Anemic-Fin-007 (11).png,Anemic-Fin-007,1,IMG_00001
Fingernails/Anemic-Fin-007 (12).png,Anemic-Fin-007,1,IMG_00002
Fingernails/Anemic-Fin-007 (2).png,Anemic-Fin-007,1,IMG_00003
Fingernails/Anemic-Fin-007 (3).png,Anemic-Fin-007,1,IMG_00004
Fingernails/Anemic-Fin-007 (4).png,Anemic-Fin-007,1,IMG_00005
Fingernails/Anemic-Fin-007 (5).png,Anemic-Fin-007,1,IMG_00006
Fingernails/Anemic-Fin-007 (6).png,Anemic-Fin-007,1,IMG_00007
Fingernails/Anemic-Fin-007 (7).png,Anemic-Fin-007,1,IMG_00008
Fingernails/Anemic-Fin-007 (8).png,Anemic-Fin-007,1,IMG_00009
Fingernails/Anemic-Fin-007 (9).png,Anemic-Fin-007,1,IMG_00010
Fingernails/Anemic-Fin-007.png,Anemic-Fin-007,1,IMG_00011
Fingernails/Anemic-Fin-011 (10).png,Anemic-Fin-011,1,IMG_00036
Fingernails/Anemic-Fin-011 (11).png,Anemic-Fin-011,1,IMG_00037
Fingernails/Anemic-Fin-011 (12).png,Anemic-Fin-011,1,IMG_00038
Fingernails/Anemic-Fin-011 (2).png,Anemic-Fin-011,1,IMG_00039
Fingernails/Anemic-Fin-011 (3).png,Anemic-Fin-011,1,IMG_00040
Fingernails/Anemic-Fin-011 (4).png,Anemic-Fin-011,1,IMG_00041
Fingernails/Anemic-Fin-011 (5).png,Anemic-Fin-011,1,IMG_00042
Fingernails/Anemic-Fin-011 (6).png,Anemic-Fin-011,1,IMG_00043
Fingernails/Anemic-Fin-011 (7).png,Anemic-Fin-011,1,IMG_00044
Fingernails/Anemic-Fin-011 (8).png,Anemic-Fin-011,1,IMG_00045
Fingernails/Anemic-Fin-011 (9).png,Anemic-Fin-011,1,IMG_00046
Fingernails/Anemic-Fin-011.png,Anemic-Fin-011,1,IMG_00047
Fingernails/Anemic-FN-002 (10).png,Anemic-FN-002,1,IMG_00252
Fingernails/Anemic-FN-002 (11).png,Anemic-FN-002,1,IMG_00253
Fingernails/Anemic-FN-002 (12).png,Anemic-FN-002,1,IMG_00254
Fingernails/Anemic-FN-002 (2).png,Anemic-FN-002,1,IMG_00255
Fingernails/Anemic-FN-002 (3).png,Anemic-FN-002,1,IMG_00256
Fingernails/Anemic-FN-002 (4).png,Anemic-FN-002,1,IMG_00257
Fingernails/Anemic-FN-002 (5).png,Anemic-FN-002,1,IMG_00258
Fingernails/Anemic-FN-002 (6).png,Anemic-FN-002,1,IMG_00259
Fingernails/Anemic-FN-002 (7).png,Anemic-FN-002,1,IMG_00260
Fingernails/Anemic-FN-002 (8).png,Anemic-FN-002,1,IMG_00261
Fingernails/Anemic-FN-002 (9).png,Anemic-FN-002,1,IMG_00262
Fingernails/Anemic-FN-002.png,Anemic-FN-002,1,IMG_00263
Fingernails/Anemic-FN-014 (10).png,Anemic-FN-014,1,IMG_00336
Fingernails/Anemic-FN-014 (11).png,Anemic-FN-014,1,IMG_00337
Fingernails/Anemic-FN-014 (12).png,Anemic-FN-014,1,IMG_00338
Fingernails/Anemic-FN-014 (2).png,Anemic-FN-014,1,IMG_00339
Fingernails/Anemic-FN-014 (3).png,Anemic-FN-014,1,IMG_00340
Fingernails/Anemic-FN-014 (4).png,Anemic-FN-014,1,IMG_00341
Fingernails/Anemic-FN-014 (5).png,Anemic-FN-014,1,IMG_00342
Fingernails/Anemic-FN-014 (6).png,Anemic-FN-014,1,IMG_00343
Fingernails/Anemic-FN-014 (7).png,Anemic-FN-014,1,IMG_00344
Fingernails/Anemic-FN-014 (8).png,Anemic-FN-014,1,IMG_00345
Fingernails/Anemic-FN-014 (9).png,Anemic-FN-014,1,IMG_00346
Fingernails/Anemic-FN-014.png,Anemic-FN-014,1,IMG_00347
Fingernails/Anemic-FN-055 (10).png,Anemic-FN-055,1,IMG_00643
Fingernails/Anemic-FN-055 (11).png,Anemic-FN-055,1,IMG_00644
Fingernails/Anemic-FN-055 (12).png,Anemic-FN-055,1,IMG_00645
Fingernails/Anemic-FN-055 (2).png,Anemic-FN-055,1,IMG_00646
Fingernails/Anemic-FN-055 (3).png,Anemic-FN-055,1,IMG_00647
Fingernails/Anemic-FN-055 (4).png,Anemic-FN-055,1,IMG_00648
Fingernails/Anemic-FN-055 (5).png,Anemic-FN-055,1,IMG_00649
Fingernails/Anemic-FN-055 (6).png,Anemic-FN-055,1,IMG_00650
Fingernails/Anemic-FN-055 (7).png,Anemic-FN-055,1,IMG_00651
Fingernails/Anemic-FN-055 (8).png,Anemic-FN-055,1,IMG_00652
Fingernails/Anemic-FN-055 (9).png,Anemic-FN-055,1,IMG_00653
Fingernails/Anemic-FN-055.png,Anemic-FN-055,1,IMG_00654
Fingernails/Anemic-FN-056 (10).png,Anemic-FN-056,1,IMG_00655
Fingernails/Anemic-FN-056 (11).png,Anemic-FN-056,1,IMG_00656
Fingernails/Anemic-FN-056 (12).png,Anemic-FN-056,1,IMG_00657
Fingernails/Anemic-FN-056 (2).png,Anemic-FN-056,1,IMG_00658
Fingernails/Anemic-FN-056 (3).png,Anemic-FN-056,1,IMG_00659
Fingernails/Anemic-FN-056 (4).png,Anemic-FN-056,1,IMG_00660
Fingernails/Anemic-FN-056 (5).png,Anemic-FN-056,1,IMG_00661
Fingernails/Anemic-FN-056 (6).png,Anemic-FN-056,1,IMG_00662
Fingernails/Anemic-FN-056 (7).png,Anemic-FN-056,1,IMG_00663
Fingernails/Anemic-FN-056 (8).png,Anemic-FN-056,1,IMG_00664
Fingernails/Anemic-FN-056 (9).png,Anemic-FN-056,1,IMG_00665
Fingernails/Anemic-FN-056.png,Anemic-FN-056,1,IMG_00666
Fingernails/Anemic-FN-083 (10).png,Anemic-FN-083,1,IMG_00852
Fingernails/Anemic-FN-083 (11).png,Anemic-FN-083,1,IMG_00853
Fingernails/Anemic-FN-083 (12).png,Anemic-FN-083,1,IMG_00854
Fingernails/Anemic-FN-083 (2).png,Anemic-FN-083,1,IMG_00855
Fingernails/Anemic-FN-083 (3).png,Anemic-FN-083,1,IMG_00856
Fingernails/Anemic-FN-083 (4).png,Anemic-FN-083,1,IMG_00857
Fingernails/Anemic-FN-083 (5).png,Anemic-FN-083,1,IMG_00858
Fingernails/Anemic-FN-083 (6).png,Anemic-FN-083,1,IMG_00859
Fingernails/Anemic-FN-083 (7).png,Anemic-FN-083,1,IMG_00860
Fingernails/Anemic-FN-083 (8).png,Anemic-FN-083,1,IMG_00861
Fingernails/Anemic-FN-083 (9).png,Anemic-FN-083,1,IMG_00862
Fingernails/Anemic-FN-083.png,Anemic-FN-083,1,IMG_00863
Fingernails/Anemic-FN-108 (10).png,Anemic-FN-108,1,IMG_00948
Fingernails/Anemic-FN-108 (11).png,Anemic-FN-108,1,IMG_00949
Fingernails/Anemic-FN-108 (12).png,Anemic-FN-108,1,IMG_00950
Fingernails/Anemic-FN-108 (2).png,Anemic-FN-108,1,IMG_00951
Fingernails/Anemic-FN-108 (3).png,Anemic-FN-108,1,IMG_00952
Fingernails/Anemic-FN-108 (4).png,Anemic-FN-108,1,IMG_00953
Fingernails/Anemic-FN-108 (5).png,Anemic-FN-108,1,IMG_00954
Fingernails/Anemic-FN-108 (6).png,Anemic-FN-108,1,IMG_00955
Fingernails/Anemic-FN-108 (7).png,Anemic-FN-108,1,IMG_00956
Fingernails/Anemic-FN-108 (8).png,Anemic-FN-108,1,IMG_00957
Fingernails/Anemic-FN-108 (9).png,Anemic-FN-108,1,IMG_00958
Fingernails/Anemic-FN-108.png,Anemic-FN-108,1,IMG_00959
Fingernails/Anemic-FN-137 (2).png,Anemic-FN-137,1,IMG_01068
Fingernails/Anemic-FN-137 (3).png,Anemic-FN-137,1,IMG_01069
Fingernails/Anemic-FN-137 (4).png,Anemic-FN-137,1,IMG_01070
Fingernails/Anemic-FN-137 (5).png,Anemic-FN-137,1,IMG_01071
Fingernails/Anemic-FN-137 (6).png,Anemic-FN-137,1,IMG_01072
Fingernails/Anemic-FN-137.png,Anemic-FN-137,1,IMG_01073
Fingernails/Anemic-FN-193 (2).png,Anemic-FN-193,1,IMG_01302
Fingernails/Anemic-FN-193 (3).png,Anemic-FN-193,1,IMG_01303
Fingernails/Anemic-FN-193 (4).png,Anemic-FN-193,1,IMG_01304
Fingernails/Anemic-FN-193 (5).png,Anemic-FN-193,1,IMG_01305
Fingernails/Anemic-FN-193 (6).png,Anemic-FN-193,1,IMG_01306
Fingernails/Anemic-FN-193.png,Anemic-FN-193,1,IMG_01307
Fingernails/Anemic-FN-204 (2).png,Anemic-FN-204,1,IMG_01344
Fingernails/Anemic-FN-204 (3).png,Anemic-FN-204,1,IMG_01345
Fingernails/Anemic-FN-204 (4).png,Anemic-FN-204,1,IMG_01346
Fingernails/Anemic-FN-204 (5).png,Anemic-FN-204,1,IMG_01347
Fingernails/Anemic-FN-204 (6).png,Anemic-FN-204,1,IMG_01348
Fingernails/Anemic-FN-204.png,Anemic-FN-204,1,IMG_01349
Fingernails/Anemic-FN-210 (2).png,Anemic-FN-210,1,IMG_01368
Fingernails/Anemic-FN-210 (3).png,Anemic-FN-210,1,IMG_01369
Fingernails/Anemic-FN-210 (4).png,Anemic-FN-210,1,IMG_01370
Fingernails/Anemic-FN-210 (5).png,Anemic-FN-210,1,IMG_01371
Fingernails/Anemic-FN-210 (6).png,Anemic-FN-210,1,IMG_01372
Fingernails/Anemic-FN-210.png,Anemic-FN-210,1,IMG_01373
Fingernails/Anemic-FN-220 (2).png,Anemic-FN-220,1,IMG_01410
Fingernails/Anemic-FN-220 (3).png,Anemic-FN-220,1,IMG_01411
Fingernails/Anemic-FN-220 (4).png,Anemic-FN-220,1,IMG_01412
Fingernails/Anemic-FN-220 (5).png,Anemic-FN-220,1,IMG_01413
Fingernails/Anemic-FN-220 (6).png,Anemic-FN-220,1,IMG_01414
Fingernails/Anemic-FN-220.png,Anemic-FN-220,1,IMG_01415
Fingernails/Anemic-FN-244 (2).png,Anemic-FN-244,1,IMG_01488
Fingernails/Anemic-FN-244 (3).png,Anemic-FN-244,1,IMG_01489
Fingernails/Anemic-FN-244 (4).png,Anemic-FN-244,1,IMG_01490
Fingernails/Anemic-FN-244 (5).png,Anemic-FN-244,1,IMG_01491
Fingernails/Anemic-FN-244 (6).png,Anemic-FN-244,1,IMG_01492
Fingernails/Anemic-FN-244.png,Anemic-FN-244,1,IMG_01493
Fingernails/Anemic-FN-255 (2).png,Anemic-FN-255,1,IMG_01530
Fingernails/Anemic-FN-255 (3).png,Anemic-FN-255,1,IMG_01531
Fingernails/Anemic-FN-255 (4).png,Anemic-FN-255,1,IMG_01532
Fingernails/Anemic-FN-255 (5).png,Anemic-FN-255,1,IMG_01533
Fingernails/Anemic-FN-255 (6).png,Anemic-FN-255,1,IMG_01534
Fingernails/Anemic-FN-255.png,Anemic-FN-255,1,IMG_01535
Fingernails/Anemic-FN-263 (2).png,Anemic-FN-263,1,IMG_01560
Fingernails/Anemic-FN-263 (3).png,Anemic-FN-263,1,IMG_01561
Fingernails/Anemic-FN-263 (4).png,Anemic-FN-263,1,IMG_01562
Fingernails/Anemic-FN-263 (5).png,Anemic-FN-263,1,IMG_01563
Fingernails/Anemic-FN-263 (6).png,Anemic-FN-263,1,IMG_01564
Fingernails/Anemic-FN-263.png,Anemic-FN-263,1,IMG_01565
Fingernails/Anemic-FN-268 (2).png,Anemic-FN-268,1,IMG_01578
Fingernails/Anemic-FN-268 (3).png,Anemic-FN-268,1,IMG_01579
Fingernails/Anemic-FN-268 (4).png,Anemic-FN-268,1,IMG_01580
Fingernails/Anemic-FN-268 (5).png,Anemic-FN-268,1,IMG_01581
Fingernails/Anemic-FN-268 (6).png,Anemic-FN-268,1,IMG_01582
Fingernails/Anemic-FN-268.png,Anemic-FN-268,1,IMG_01583
Fingernails/Anmeic-fn-002 1.png,Anmeic-fn-002 1,1,IMG_01617
Fingernails/Anmeic-fn-002.png,Anmeic-fn-002,1,IMG_01618
Fingernails/Anmeic-fn-004 14.png,Anmeic-fn-004 14,1,IMG_01625
Fingernails/Non-anemic-Fin-005 (2).png,Non-anemic-Fin-005,1,IMG_01648
Fingernails/Non-anemic-Fin-005 (3).png,Non-anemic-Fin-005,1,IMG_01649
Fingernails/Non-anemic-Fin-005 (4).png,Non-anemic-Fin-005,1,IMG_01650
Fingernails/Non-anemic-Fin-005 (5).png,Non-anemic-Fin-005,1,IMG_01651
Fingernails/Non-anemic-Fin-005 (6).png,Non-anemic-Fin-005,1,IMG_01652
Fingernails/Non-anemic-Fin-005.png,Non-anemic-Fin-005,1,IMG_01653
Fingernails/Non-anemic-Fin-010 (2).png,Non-anemic-Fin-010,1,IMG_01660
Fingernails/Non-anemic-Fin-010 (3).png,Non-anemic-Fin-010,1,IMG_01661
Fingernails/Non-anemic-Fin-010 (4).png,Non-anemic-Fin-010,1,IMG_01662
Fingernails/Non-anemic-Fin-010 (5).png,Non-anemic-Fin-010,1,IMG_01663
Fingernails/Non-anemic-Fin-010 (6).png,Non-anemic-Fin-010,1,IMG_01664
Fingernails/Non-anemic-Fin-010.png,Non-anemic-Fin-010,1,IMG_01665
Fingernails/Non-Anrmic-FN-040 (2).png,Non-Anrmic-FN-040,0,IMG_01858
Fingernails/Non-Anrmic-FN-040 (3).png,Non-Anrmic-FN-040,0,IMG_01859
Fingernails/Non-Anrmic-FN-040 (4).png,Non-Anrmic-FN-040,0,IMG_01860
Fingernails/Non-Anrmic-FN-040 (5).png,Non-Anrmic-FN-040,0,IMG_01861
Fingernails/Non-Anrmic-FN-040 (6).png,Non-Anrmic-FN-040,0,IMG_01862
Fingernails/Non-Anrmic-FN-040.png,Non-Anrmic-FN-040,0,IMG_01863
Fingernails/Non-Anrmic-FN-053 (2).png,Non-Anrmic-FN-053,0,IMG_01894
Fingernails/Non-Anrmic-FN-053 (3).png,Non-Anrmic-FN-053,0,IMG_01895
Fingernails/Non-Anrmic-FN-053 (4).png,Non-Anrmic-FN-053,0,IMG_01896
Fingernails/Non-Anrmic-FN-053 (5).png,Non-Anrmic-FN-053,0,IMG_01897
Fingernails/Non-Anrmic-FN-053 (6).png,Non-Anrmic-FN-053,0,IMG_01898
Fingernails/Non-Anrmic-FN-053.png,Non-Anrmic-FN-053,0,IMG_01899
Fingernails/Non-Anrmic-FN-057 (2).png,Non-Anrmic-FN-057,0,IMG_01912
Fingernails/Non-Anrmic-FN-057 (3).png,Non-Anrmic-FN-057,0,IMG_01913
Fingernails/Non-Anrmic-FN-057 (4).png,Non-Anrmic-FN-057,0,IMG_01914
Fingernails/Non-Anrmic-FN-057 (5).png,Non-Anrmic-FN-057,0,IMG_01915
Fingernails/Non-Anrmic-FN-057 (6).png,Non-Anrmic-FN-057,0,IMG_01916
Fingernails/Non-Anrmic-FN-057.png,Non-Anrmic-FN-057,0,IMG_01917
Fingernails/Non-Anrmic-FN-060 (2).png,Non-Anrmic-FN-060,0,IMG_01930
Fingernails/Non-Anrmic-FN-060 (3).png,Non-Anrmic-FN-060,0,IMG_01931
Fingernails/Non-Anrmic-FN-060 (4).png,Non-Anrmic-FN-060,0,IMG_01932
Fingernails/Non-Anrmic-FN-060 (5).png,Non-Anrmic-FN-060,0,IMG_01933
Fingernails/Non-Anrmic-FN-060 (6).png,Non-Anrmic-FN-060,0,IMG_01934
Fingernails/Non-Anrmic-FN-060.png,Non-Anrmic-FN-060,0,IMG_01935
Fingernails/Non-Anrmic-FN-061 (2).png,Non-Anrmic-FN-061,0,IMG_01936
Fingernails/Non-Anrmic-FN-061 (3).png,Non-Anrmic-FN-061,0,IMG_01937
Fingernails/Non-Anrmic-FN-061 (4).png,Non-Anrmic-FN-061,0,IMG_01938
Fingernails/Non-Anrmic-FN-061 (5).png,Non-Anrmic-FN-061,0,IMG_01939
Fingernails/Non-Anrmic-FN-061 (6).png,Non-Anrmic-FN-061,0,IMG_01940
Fingernails/Non-Anrmic-FN-061.png,Non-Anrmic-FN-061,0,IMG_01941
Fingernails/Non-Anrmic-FN-066 (2).png,Non-Anrmic-FN-066,0,IMG_01960
Fingernails/Non-Anrmic-FN-066 (3).png,Non-Anrmic-FN-066,0,IMG_01961
Fingernails/Non-Anrmic-FN-066 (4).png,Non-Anrmic-FN-066,0,IMG_01962
Fingernails/Non-Anrmic-FN-066 (5).png,Non-Anrmic-FN-066,0,IMG_01963
Fingernails/Non-Anrmic-FN-066 (6).png,Non-Anrmic-FN-066,0,IMG_01964
Fingernails/Non-Anrmic-FN-066.png,Non-Anrmic-FN-066,0,IMG_01965
Fingernails/Non-Anrmic-FN-091 (2).png,Non-Anrmic-FN-091,0,IMG_02056
Fingernails/Non-Anrmic-FN-091 (3).png,Non-Anrmic-FN-091,0,IMG_02057
Fingernails/Non-Anrmic-FN-091 (4).png,Non-Anrmic-FN-091,0,IMG_02058
Fingernails/Non-Anrmic-FN-091 (5).png,Non-Anrmic-FN-091,0,IMG_02059
Fingernails/Non-Anrmic-FN-091 (6).png,Non-Anrmic-FN-091,0,IMG_02060
Fingernails/Non-Anrmic-FN-091.png,Non-Anrmic-FN-091,0,IMG_02061
Fingernails/Non-Anrmic-FN-137 (2).png,Non-Anrmic-FN-137,0,IMG_02230
Fingernails/Non-Anrmic-FN-137 (3).png,Non-Anrmic-FN-137,0,IMG_02231
Fingernails/Non-Anrmic-FN-137 (4).png,Non-Anrmic-FN-137,0,IMG_02232
Fingernails/Non-Anrmic-FN-137 (5).png,Non-Anrmic-FN-137,0,IMG_02233
Fingernails/Non-Anrmic-FN-137 (6).png,Non-Anrmic-FN-137,0,IMG_02234
Fingernails/Non-Anrmic-FN-137.png,Non-Anrmic-FN-137,0,IMG_02235
Fingernails/Non-Anrmic-FN-160 (10).png,Non-Anrmic-FN-160,0,IMG_02392
Fingernails/Non-Anrmic-FN-160 (11).png,Non-Anrmic-FN-160,0,IMG_02393
Fingernails/Non-Anrmic-FN-160 (12).png,Non-Anrmic-FN-160,0,IMG_02394
Fingernails/Non-Anrmic-FN-160 (2).png,Non-Anrmic-FN-160,0,IMG_02395
Fingernails/Non-Anrmic-FN-160 (3).png,Non-Anrmic-FN-160,0,IMG_02396
Fingernails/Non-Anrmic-FN-160 (4).png,Non-Anrmic-FN-160,0,IMG_02397
Fingernails/Non-Anrmic-FN-160 (5).png,Non-Anrmic-FN-160,0,IMG_02398
Fingernails/Non-Anrmic-FN-160 (6).png,Non-Anrmic-FN-160,0,IMG_02399
Fingernails/Non-Anrmic-FN-160 (7).png,Non-Anrmic-FN-160,0,IMG_02400
Fingernails/Non-Anrmic-FN-160 (8).png,Non-Anrmic-FN-160,0,IMG_02401
Fingernails/Non-Anrmic-FN-160 (9).png,Non-Anrmic-FN-160,0,IMG_02402
Fingernails/Non-Anrmic-FN-160.png,Non-Anrmic-FN-160,0,IMG_02403
Fingernails/Non-Anrmic-FN-163 (10).png,Non-Anrmic-FN-163,0,IMG_02431
Fingernails/Non-Anrmic-FN-163 (11).png,Non-Anrmic-FN-163,0,IMG_02432
Fingernails/Non-Anrmic-FN-163 (12).png,Non-Anrmic-FN-163,0,IMG_02433
Fingernails/Non-Anrmic-FN-163 (2).png,Non-Anrmic-FN-163,0,IMG_02434
Fingernails/Non-Anrmic-FN-163 (3).png,Non-Anrmic-FN-163,0,IMG_02435
Fingernails/Non-Anrmic-FN-163 (4).png,Non-Anrmic-FN-163,0,IMG_02436
Fingernails/Non-Anrmic-FN-163 (5).png,Non-Anrmic-FN-163,0,IMG_02437
Fingernails/Non-Anrmic-FN-163 (6).png,Non-Anrmic-FN-163,0,IMG_02438
Fingernails/Non-Anrmic-FN-163 (7).png,Non-Anrmic-FN-163,0,IMG_02439
Fingernails/Non-Anrmic-FN-163 (8).png,Non-Anrmic-FN-163,0,IMG_02440
Fingernails/Non-Anrmic-FN-163 (9).png,Non-Anrmic-FN-163,0,IMG_02441
Fingernails/Non-Anrmic-FN-163.png,Non-Anrmic-FN-163,0,IMG_02442
Fingernails/Non-Anrmic-FN-171 (10).png,Non-Anrmic-FN-171,0,IMG_02515
Fingernails/Non-Anrmic-FN-171 (11).png,Non-Anrmic-FN-171,0,IMG_02516
Fingernails/Non-Anrmic-FN-171 (12).png,Non-Anrmic-FN-171,0,IMG_02517
Fingernails/Non-Anrmic-FN-171 (2).png,Non-Anrmic-FN-171,0,IMG_02518
Fingernails/Non-Anrmic-FN-171 (3).png,Non-Anrmic-FN-171,0,IMG_02519
Fingernails/Non-Anrmic-FN-171 (4).png,Non-Anrmic-FN-171,0,IMG_02520
Fingernails/Non-Anrmic-FN-171 (5).png,Non-Anrmic-FN-171,0,IMG_02521
Fingernails/Non-Anrmic-FN-171 (6).png,Non-Anrmic-FN-171,0,IMG_02522
Fingernails/Non-Anrmic-FN-171 (7).png,Non-Anrmic-FN-171,0,IMG_02523
Fingernails/Non-Anrmic-FN-171 (8).png,Non-Anrmic-FN-171,0,IMG_02524
Fingernails/Non-Anrmic-FN-171 (9).png,Non-Anrmic-FN-171,0,IMG_02525
Fingernails/Non-Anrmic-FN-171.png,Non-Anrmic-FN-171,0,IMG_02526
Fingernails/Non-Anrmic-FN-180 (10).png,Non-Anrmic-FN-180,0,IMG_02575
Fingernails/Non-Anrmic-FN-180 (11).png,Non-Anrmic-FN-180,0,IMG_02576
Fingernails/Non-Anrmic-FN-180 (12).png,Non-Anrmic-FN-180,0,IMG_02577
Fingernails/Non-Anrmic-FN-180 (2).png,Non-Anrmic-FN-180,0,IMG_02578
Fingernails/Non-Anrmic-FN-180 (3).png,Non-Anrmic-FN-180,0,IMG_02579
Fingernails/Non-Anrmic-FN-180 (4).png,Non-Anrmic-FN-180,0,IMG_02580
Fingernails/Non-Anrmic-FN-180 (5).png,Non-Anrmic-FN-180,0,IMG_02581
Fingernails/Non-Anrmic-FN-180 (6).png,Non-Anrmic-FN-180,0,IMG_02582
Fingernails/Non-Anrmic-FN-180 (7).png,Non-Anrmic-FN-180,0,IMG_02583
Fingernails/Non-Anrmic-FN-180 (8).png,Non-Anrmic-FN-180,0,IMG_02584
Fingernails/Non-Anrmic-FN-180 (9).png,Non-Anrmic-FN-180,0,IMG_02585
Fingernails/Non-Anrmic-FN-180.png,Non-Anrmic-FN-180,0,IMG_02586
Fingernails/Non-Anrmic-FN-197 (10).png,Non-Anrmic-FN-197,0,IMG_02647
Fingernails/Non-Anrmic-FN-197 (11).png,Non-Anrmic-FN-197,0,IMG_02648
Fingernails/Non-Anrmic-FN-197 (12).png,Non-Anrmic-FN-197,0,IMG_02649
Fingernails/Non-Anrmic-FN-197 (2).png,Non-Anrmic-FN-197,0,IMG_02650
Fingernails/Non-Anrmic-FN-197 (3).png,Non-Anrmic-FN-197,0,IMG_02651
Fingernails/Non-Anrmic-FN-197 (4).png,Non-Anrmic-FN-197,0,IMG_02652
Fingernails/Non-Anrmic-FN-197 (5).png,Non-Anrmic-FN-197,0,IMG_02653
Fingernails/Non-Anrmic-FN-197 (6).png,Non-Anrmic-FN-197,0,IMG_02654
Fingernails/Non-Anrmic-FN-197 (7).png,Non-Anrmic-FN-197,0,IMG_02655
Fingernails/Non-Anrmic-FN-197 (8).png,Non-Anrmic-FN-197,0,IMG_02656
Fingernails/Non-Anrmic-FN-197 (9).png,Non-Anrmic-FN-197,0,IMG_02657
Fingernails/Non-Anrmic-FN-197.png,Non-Anrmic-FN-197,0,IMG_02658
Fingernails/Anemic-FN-091 (2).png,Anemic-FN-091,1,IMG_02958
Fingernails/Anemic-FN-091 (3).png,Anemic-FN-091,1,IMG_02959
Fingernails/Anemic-FN-091 (4).png,Anemic-FN-091,1,IMG_02960
Fingernails/Anemic-FN-091 (5).png,Anemic-FN-091,1,IMG_02961
Fingernails/Anemic-FN-091 (6).png,Anemic-FN-091,1,IMG_02962
Fingernails/Anemic-FN-091.png,Anemic-FN-091,1,IMG_02963
Fingernails/Anemic-FN-094 (2).png,Anemic-FN-094,1,IMG_02970
Fingernails/Anemic-FN-094 (3).png,Anemic-FN-094,1,IMG_02971
Fingernails/Anemic-FN-094 (4).png,Anemic-FN-094,1,IMG_02972
Fingernails/Anemic-FN-094 (5).png,Anemic-FN-094,1,IMG_02973
Fingernails/Anemic-FN-094 (6).png,Anemic-FN-094,1,IMG_02974
Fingernails/Anemic-FN-094.png,Anemic-FN-094,1,IMG_02975
Fingernails/Anemic-FN-208 (2).png,Anemic-FN-208,1,IMG_03066
Fingernails/Anemic-FN-208 (3).png,Anemic-FN-208,1,IMG_03067
Fingernails/Anemic-FN-208 (4).png,Anemic-FN-208,1,IMG_03068
Fingernails/Anemic-FN-208 (5).png,Anemic-FN-208,1,IMG_03069
Fingernails/Anemic-FN-208 (6).png,Anemic-FN-208,1,IMG_03070
Fingernails/Anemic-FN-208.png,Anemic-FN-208,1,IMG_03071
Fingernails/Anemic-FN-239 (2).png,Anemic-FN-239,1,IMG_03102
Fingernails/Anemic-FN-239 (3).png,Anemic-FN-239,1,IMG_03103
Fingernails/Anemic-FN-239 (4).png,Anemic-FN-239,1,IMG_03104
Fingernails/Anemic-FN-239 (5).png,Anemic-FN-239,1,IMG_03105
Fingernails/Anemic-FN-239 (6).png,Anemic-FN-239,1,IMG_03106
Fingernails/Anemic-FN-239.png,Anemic-FN-239,1,IMG_03107
Fingernails/Anmeic-fn-005.png,Anmeic-fn-005,1,IMG_03150
Fingernails/Non-Anrmic-FN-024 (2).png,Non-Anrmic-FN-024,0,IMG_03172
Fingernails/Non-Anrmic-FN-024 (3).png,Non-Anrmic-FN-024,0,IMG_03173
Fingernails/Non-Anrmic-FN-024 (4).png,Non-Anrmic-FN-024,0,IMG_03174
Fingernails/Non-Anrmic-FN-024 (5).png,Non-Anrmic-FN-024,0,IMG_03175
Fingernails/Non-Anrmic-FN-024 (6).png,Non-Anrmic-FN-024,0,IMG_03176
Fingernails/Non-Anrmic-FN-024.png,Non-Anrmic-FN-024,0,IMG_03177
Fingernails/Non-Anrmic-FN-132 (2).png,Non-Anrmic-FN-132,0,IMG_03268
Fingernails/Non-Anrmic-FN-132 (3).png,Non-Anrmic-FN-132,0,IMG_03269
Fingernails/Non-Anrmic-FN-132 (4).png,Non-Anrmic-FN-132,0,IMG_03270
Fingernails/Non-Anrmic-FN-132 (5).png,Non-Anrmic-FN-132,0,IMG_03271
Fingernails/Non-Anrmic-FN-132 (6).png,Non-Anrmic-FN-132,0,IMG_03272
Fingernails/Non-Anrmic-FN-132.png,Non-Anrmic-FN-132,0,IMG_03273
Fingernails/Non-Anrmic-FN-201 (10).png,Non-Anrmic-FN-201,0,IMG_03394
Fingernails/Non-Anrmic-FN-201 (11).png,Non-Anrmic-FN-201,0,IMG_03395
Fingernails/Non-Anrmic-FN-201 (12).png,Non-Anrmic-FN-201,0,IMG_03396
Fingernails/Non-Anrmic-FN-201 (2).png,Non-Anrmic-FN-201,0,IMG_03397
Fingernails/Non-Anrmic-FN-201 (3).png,Non-Anrmic-FN-201,0,IMG_03398
Fingernails/Non-Anrmic-FN-201 (4).png,Non-Anrmic-FN-201,0,IMG_03399
Fingernails/Non-Anrmic-FN-201 (5).png,Non-Anrmic-FN-201,0,IMG_03400
Fingernails/Non-Anrmic-FN-201 (6).png,Non-Anrmic-FN-201,0,IMG_03401
Fingernails/Non-Anrmic-FN-201 (7).png,Non-Anrmic-FN-201,0,IMG_03402
Fingernails/Non-Anrmic-FN-201 (8).png,Non-Anrmic-FN-201,0,IMG_03403
Fingernails/Non-Anrmic-FN-201 (9).png,Non-Anrmic-FN-201,0,IMG_03404
Fingernails/Non-Anrmic-FN-201.png,Non-Anrmic-FN-201,0,IMG_03405
Fingernails/Anemic-FN-037 (10).png,Anemic-FN-037,1,IMG_03529
Fingernails/Anemic-FN-037 (11).png,Anemic-FN-037,1,IMG_03530
Fingernails/Anemic-FN-037 (12).png,Anemic-FN-037,1,IMG_03531
Fingernails/Anemic-FN-037 (2).png,Anemic-FN-037,1,IMG_03532
Fingernails/Anemic-FN-037 (3).png,Anemic-FN-037,1,IMG_03533
Fingernails/Anemic-FN-037 (4).png,Anemic-FN-037,1,IMG_03534
Fingernails/Anemic-FN-037 (5).png,Anemic-FN-037,1,IMG_03535
Fingernails/Anemic-FN-037 (6).png,Anemic-FN-037,1,IMG_03536
Fingernails/Anemic-FN-037 (7).png,Anemic-FN-037,1,IMG_03537
Fingernails/Anemic-FN-037 (8).png,Anemic-FN-037,1,IMG_03538
Fingernails/Anemic-FN-037 (9).png,Anemic-FN-037,1,IMG_03539
Fingernails/Anemic-FN-037.png,Anemic-FN-037,1,IMG_03540
Fingernails/Anemic-FN-046 (10).png,Anemic-FN-046,1,IMG_03565
Fingernails/Anemic-FN-046 (11).png,Anemic-FN-046,1,IMG_03566
Fingernails/Anemic-FN-046 (12).png,Anemic-FN-046,1,IMG_03567
Fingernails/Anemic-FN-046 (2).png,Anemic-FN-046,1,IMG_03568
Fingernails/Anemic-FN-046 (3).png,Anemic-FN-046,1,IMG_03569
Fingernails/Anemic-FN-046 (4).png,Anemic-FN-046,1,IMG_03570
Fingernails/Anemic-FN-046 (5).png,Anemic-FN-046,1,IMG_03571
Fingernails/Anemic-FN-046 (6).png,Anemic-FN-046,1,IMG_03572
Fingernails/Anemic-FN-046 (7).png,Anemic-FN-046,1,IMG_03573
Fingernails/Anemic-FN-046 (8).png,Anemic-FN-046,1,IMG_03574
Fingernails/Anemic-FN-046 (9).png,Anemic-FN-046,1,IMG_03575
Fingernails/Anemic-FN-046.png,Anemic-FN-046,1,IMG_03576
Fingernails/Anemic-FN-052 (11).png,Anemic-FN-052,1,IMG_03589
Fingernails/Anemic-FN-052 (12).png,Anemic-FN-052,1,IMG_03590
Fingernails/Anemic-FN-052 (2).png,Anemic-FN-052,1,IMG_03591
Fingernails/Anemic-FN-052 (3).png,Anemic-FN-052,1,IMG_03592
Fingernails/Anemic-FN-052 (4).png,Anemic-FN-052,1,IMG_03593
Fingernails/Anemic-FN-052 (5).png,Anemic-FN-052,1,IMG_03594
Fingernails/Anemic-FN-052 (6).png,Anemic-FN-052,1,IMG_03595
Fingernails/Anemic-FN-052 (7).png,Anemic-FN-052,1,IMG_03596
Fingernails/Anemic-FN-052 (8).png,Anemic-FN-052,1,IMG_03597
Fingernails/Anemic-FN-052 (9).png,Anemic-FN-052,1,IMG_03598
Fingernails/Anemic-FN-052.png,Anemic-FN-052,1,IMG_03599
Fingernails/Anemic-FN-164 (2).png,Anemic-FN-164,1,IMG_03780
Fingernails/Anemic-FN-164 (3).png,Anemic-FN-164,1,IMG_03781
Fingernails/Anemic-FN-164 (4).png,Anemic-FN-164,1,IMG_03782
Fingernails/Anemic-FN-164 (5).png,Anemic-FN-164,1,IMG_03783
Fingernails/Anemic-FN-164 (6).png,Anemic-FN-164,1,IMG_03784
Fingernails/Anemic-FN-164.png,Anemic-FN-164,1,IMG_03785
Fingernails/Anemic-FN-169 (2).png,Anemic-FN-169,1,IMG_03792
Fingernails/Anemic-FN-169 (3).png,Anemic-FN-169,1,IMG_03793
Fingernails/Anemic-FN-169 (4).png,Anemic-FN-169,1,IMG_03794
Fingernails/Anemic-FN-169 (5).png,Anemic-FN-169,1,IMG_03795
Fingernails/Anemic-FN-169 (6).png,Anemic-FN-169,1,IMG_03796
Fingernails/Anemic-FN-169.png,Anemic-FN-169,1,IMG_03797
Fingernails/Anemic-FN-215 (2).png,Anemic-FN-215,1,IMG_03846
Fingernails/Anemic-FN-215 (3).png,Anemic-FN-215,1,IMG_03847
Fingernails/Anemic-FN-215 (4).png,Anemic-FN-215,1,IMG_03848
Fingernails/Anemic-FN-215 (5).png,Anemic-FN-215,1,IMG_03849
Fingernails/Anemic-FN-215 (6).png,Anemic-FN-215,1,IMG_03850
Fingernails/Anemic-FN-215.png,Anemic-FN-215,1,IMG_03851
Fingernails/Anemic-FN-267 (2).png,Anemic-FN-267,1,IMG_03894
Fingernails/Anemic-FN-267 (3).png,Anemic-FN-267,1,IMG_03895
Fingernails/Anemic-FN-267 (4).png,Anemic-FN-267,1,IMG_03896
Fingernails/Anemic-FN-267 (5).png,Anemic-FN-267,1,IMG_03897
Fingernails/Anemic-FN-267 (6).png,Anemic-FN-267,1,IMG_03898
Fingernails/Anemic-FN-267.png,Anemic-FN-267,1,IMG_03899
Fingernails/Non-anemic-Fin-013 (2).png,Non-anemic-Fin-013,1,IMG_03936
Fingernails/Non-anemic-Fin-013 (3).png,Non-anemic-Fin-013,1,IMG_03937
Fingernails/Non-anemic-Fin-013 (4).png,Non-anemic-Fin-013,1,IMG_03938
Fingernails/Non-anemic-Fin-013 (5).png,Non-anemic-Fin-013,1,IMG_03939
Fingernails/Non-anemic-Fin-013 (6).png,Non-anemic-Fin-013,1,IMG_03940
Fingernails/Non-anemic-Fin-013.png,Non-anemic-Fin-013,1,IMG_03941
Fingernails/Non-Anrmic-FN-051 (2).png,Non-Anrmic-FN-051,0,IMG_04008
Fingernails/Non-Anrmic-FN-051 (3).png,Non-Anrmic-FN-051,0,IMG_04009
Fingernails/Non-Anrmic-FN-051 (4).png,Non-Anrmic-FN-051,0,IMG_04010
Fingernails/Non-Anrmic-FN-051 (5).png,Non-Anrmic-FN-051,0,IMG_04011
Fingernails/Non-Anrmic-FN-051 (6).png,Non-Anrmic-FN-051,0,IMG_04012
Fingernails/Non-Anrmic-FN-051.png,Non-Anrmic-FN-051,0,IMG_04013
Fingernails/Non-Anrmic-FN-110 (2).png,Non-Anrmic-FN-110,0,IMG_04074
Fingernails/Non-Anrmic-FN-110 (3).png,Non-Anrmic-FN-110,0,IMG_04075
Fingernails/Non-Anrmic-FN-110 (4).png,Non-Anrmic-FN-110,0,IMG_04076
Fingernails/Non-Anrmic-FN-110 (5).png,Non-Anrmic-FN-110,0,IMG_04077
Fingernails/Non-Anrmic-FN-110 (6).png,Non-Anrmic-FN-110,0,IMG_04078
Fingernails/Non-Anrmic-FN-110.png,Non-Anrmic-FN-110,0,IMG_04079
Fingernails/Non-Anrmic-FN-172 (10).png,Non-Anrmic-FN-172,0,IMG_04128
Fingernails/Non-Anrmic-FN-172 (11).png,Non-Anrmic-FN-172,0,IMG_04129
Fingernails/Non-Anrmic-FN-172 (12).png,Non-Anrmic-FN-172,0,IMG_04130
Fingernails/Non-Anrmic-FN-172 (2).png,Non-Anrmic-FN-172,0,IMG_04131
Fingernails/Non-Anrmic-FN-172 (3).png,Non-Anrmic-FN-172,0,IMG_04132
Fingernails/Non-Anrmic-FN-172 (4).png,Non-Anrmic-FN-172,0,IMG_04133
Fingernails/Non-Anrmic-FN-172 (5).png,Non-Anrmic-FN-172,0,IMG_04134
Fingernails/Non-Anrmic-FN-172 (6).png,Non-Anrmic-FN-172,0,IMG_04135
Fingernails/Non-Anrmic-FN-172 (7).png,Non-Anrmic-FN-172,0,IMG_04136
Fingernails/Non-Anrmic-FN-172 (8).png,Non-Anrmic-FN-172,0,IMG_04137
Fingernails/Non-Anrmic-FN-172 (9).png,Non-Anrmic-FN-172,0,IMG_04138
Fingernails/Non-Anrmic-FN-172.png,Non-Anrmic-FN-172,0,IMG_04139
Fingernails/Non-Anrmic-FN-188 (10).png,Non-Anrmic-FN-188,0,IMG_04188
Fingernails/Non-Anrmic-FN-188 (11).png,Non-Anrmic-FN-188,0,IMG_04189
Fingernails/Non-Anrmic-FN-188 (12).png,Non-Anrmic-FN-188,0,IMG_04190
Fingernails/Non-Anrmic-FN-188 (2).png,Non-Anrmic-FN-188,0,IMG_04191
Fingernails/Non-Anrmic-FN-188 (3).png,Non-Anrmic-FN-188,0,IMG_04192
Fingernails/Non-Anrmic-FN-188 (4).png,Non-Anrmic-FN-188,0,IMG_04193
Fingernails/Non-Anrmic-FN-188 (5).png,Non-Anrmic-FN-188,0,IMG_04194
Fingernails/Non-Anrmic-FN-188 (6).png,Non-Anrmic-FN-188,0,IMG_04195
Fingernails/Non-Anrmic-FN-188 (7).png,Non-Anrmic-FN-188,0,IMG_04196
Fingernails/Non-Anrmic-FN-188 (8).png,Non-Anrmic-FN-188,0,IMG_04197
Fingernails/Non-Anrmic-FN-188 (9).png,Non-Anrmic-FN-188,0,IMG_04198
Fingernails/Non-Anrmic-FN-188.png,Non-Anrmic-FN-188,0,IMG_04199
