threshold,net_benefit_model,net_benefit_treat_all,net_benefit_treat_none
0.05,0.8074534161490683,0.7973193854200719,0.0
0.1,0.8074534161490683,0.7860593512767425,0.0
0.15,0.8043478260869565,0.773474607234198,0.0
0.2,0.8012422360248447,0.7593167701863354,0.0
0.25,0.7981366459627329,0.743271221532091,0.0
0.3,0.7981366459627329,0.7249334516415261,0.0
0.35,0.7981366459627329,0.703774486383182,0.0
0.39999999999999997,0.7981366459627329,0.6790890269151139,0.0
0.44999999999999996,0.7981366459627329,0.6499153020892151,0.0
0.49999999999999994,0.7981366459627329,0.6149068322981366,0.0
0.5499999999999999,0.7950310559006211,0.5721187025534852,0.0
0.6,0.7950310559006211,0.5186335403726707,0.0
0.65,0.7950310559006211,0.44986690328305223,0.0
0.7,0.7919254658385093,0.3581780538302277,0.0
0.75,0.782608695652174,0.22981366459627317,0.0
0.7999999999999999,0.7763975155279503,0.037267080745341796,0.0
0.85,0.7670807453416149,-0.28364389233954457,0.0
0.9,0.7422360248447205,-0.9254658385093175,0.0
0.95,0.6925465838509317,-2.8509316770186306,0.0
