feature_name,relative_importance
pink_ratio,0.0513
spatial_center_diff,0.0508
gradient_std,0.05
ratio_r_g,0.0497
gradient_mean,0.0448
diff_r_b_norm,0.0444
white_ratio,0.0434
hb_proxy_mean,0.043
brightness_p25,0.0426
redness_std,0.0399
hb_proxy_std,0.0398
r_std,0.0394
brightness_p50,0.0383
ratio_r_b,0.0382
brightness_p90,0.0375
redness_mean,0.0371
b_std,0.0358
r_mean,0.0355
g_std,0.0349
b_mean,0.0344
brightness_p75,0.0341
brightness_std,0.0332
brightness_mean,0.033
g_mean,0.0323
brightness_p10,0.0303
spatial_top_bottom_diff,0.0065
local_var_mean,0.0
local_var_std,0.0
