feature_index,feature_name,train_mean,train_std,train_min,train_max,live_mean,live_std,live_min,live_max,z_score_shift,out_of_training_bounds
0,brightness_mean,111.2738,7.1939,97.4121,124.9052,136.5772,10.8513,100.6149,169.4612,3.517,True
1,brightness_std,37.3501,10.3416,19.6407,51.6556,55.977,5.562,40.4314,75.0412,1.801,True
2,brightness_p10,82.065,3.28,72.8095,91.121,85.8821,8.2156,65.395,107.91,1.164,True
3,brightness_p25,86.8109,3.2578,77.662,95.833,91.1692,8.4265,69.113,114.546,1.338,True
4,brightness_p50,93.9469,3.2526,85.613,103.028,100.1625,9.0792,75.224,126.839,1.911,True
5,brightness_p75,142.878,32.4806,97.4755,188.624,192.5244,16.1098,141.025,238.147,1.528,True
6,brightness_p90,169.2626,26.5156,127.007,198.304,222.2316,15.3193,165.342,255.0,1.998,True
7,redness_mean,0.4392,0.0224,0.4056,0.4904,0.4132,0.0275,0.3519,0.4697,-1.163,True
8,redness_std,0.0388,0.0059,0.0235,0.0561,0.047,0.0104,0.0289,0.0906,1.384,True
9,white_ratio,0.1474,0.1147,0.0,0.3271,0.3523,0.0774,0.0,0.4178,1.787,True
10,pink_ratio,0.0979,0.1279,0.0,0.3288,0.0461,0.0799,0.0,0.2398,-0.405,True
11,r_mean,140.9283,5.0135,127.8305,154.0325,158.0579,16.7405,114.5515,191.8591,3.417,True
12,r_std,44.4273,5.3295,33.1117,57.1688,48.1139,4.5291,35.6233,60.7615,0.692,True
13,g_mean,101.4729,11.3247,80.1818,120.6096,130.1532,10.3416,96.4316,164.1578,2.533,True
14,g_std,34.7929,15.6861,10.897,54.6846,58.5175,6.2679,41.6917,80.0762,1.512,True
15,b_mean,83.9618,9.382,62.4853,102.2196,113.3162,11.4965,85.6019,138.0234,3.129,True
16,b_std,37.3344,14.2928,15.3222,55.0525,64.6664,7.6047,47.6133,88.043,1.912,True
17,ratio_r_g,1.4056,0.1928,1.1651,1.8747,1.2129,0.0879,1.0271,1.4148,-1.0,True
18,ratio_r_b,1.6945,0.2265,1.4186,2.1789,1.4057,0.2133,0.9793,1.9159,-1.275,True
19,diff_r_b_norm,0.2234,0.0471,0.1595,0.3198,0.1755,0.0789,-0.0111,0.3432,-1.018,True
20,hb_proxy_mean,0.7904,0.0756,0.6816,0.9674,0.716,0.0887,0.5464,0.9154,-0.984,True
21,hb_proxy_std,0.1272,0.0354,0.0655,0.2158,0.1391,0.068,0.0722,0.4467,0.335,True
22,spatial_top_bottom_diff,-7.4566,4.2771,-16.9655,1.7022,-7.5541,3.3098,-13.2326,-0.5115,-0.023,False
23,spatial_center_diff,53.2725,16.3096,23.7735,77.4308,39.3068,7.5119,22.6863,58.5168,-0.856,True
24,gradient_mean,5.3501,0.3738,4.6918,5.8327,5.6597,0.6502,3.9426,7.4803,0.828,True
25,gradient_std,12.4826,2.3752,8.3672,15.4049,17.2255,2.1774,10.7989,23.0995,1.997,True
26,local_var_mean,4.8523,0.5505,3.9237,5.5857,8.0391,0.9568,5.5661,10.6794,5.789,True
27,local_var_std,8.5477,1.682,5.5877,10.6183,11.8736,1.3915,8.0763,15.883,1.977,True
