scenario,original_resolution,crop_coordinates,roi_dimensions,roi_area_pct,roi_method,roi_valid,brightness,contrast,saturation,cct_proxy,blur_score,emb_z_score,effnet_logit,effnet_prob,jetx_logit,jetx_prob,raw_fusion_prob,calibrated_prob,final_state,total_latency_ms
Live Phone 1: Daylight Ambient Close-up,1280x720,"[363,83,916,636]",553x553,33.18,contour_nail_detector,True,193.82,50.43,29.12,1.048,85.08,0.948,1.4976,0.8172,13.8155,1.0,1.0,0.999,ANEMIA,63.34
Live Phone 2: Warm Indoor Incandescent (2700K),1920x1080,"[723,303,1197,777]",474x474,10.84,contour_nail_detector,True,217.9,31.74,70.87,1.366,32.42,1.095,0.75,0.6792,-7.0006,0.0009,0.0028,0.001,NO_ANEMIA,87.52
Live Phone 3: Cool Office Fluorescent (6500K),1280x720,"[403,123,877,597]",474x474,24.38,contour_nail_detector,True,195.34,45.93,59.65,0.789,75.47,0.986,0.4661,0.6145,13.8155,1.0,1.0,0.999,ANEMIA,49.64
Live Phone 4: Slight Smartphone Underexposure,1080x1080,"[125,125,955,955]",830x830,59.06,contour_nail_detector,True,126.92,44.48,48.7,1.133,49.71,0.942,0.6348,0.6536,12.2535,1.0,1.0,0.999,ANEMIA,64.6
Live Phone 5: Slight Smartphone Overexposure,1080x1080,"[125,125,955,955]",830x830,59.06,contour_nail_detector,True,204.5,64.64,50.23,1.171,108.06,1.111,1.1269,0.7553,13.8155,1.0,1.0,0.999,INCONCLUSIVE,59.05
Live Phone 6: Distant Finger with Background,1920x1080,"[723,303,1197,777]",474x474,10.84,contour_nail_detector,True,211.55,32.98,14.58,1.0,34.71,0.974,0.7531,0.6799,13.8155,1.0,1.0,0.999,ANEMIA,88.75
Live Phone 7: Off-center Nail Position,1280x720,"[238,198,634,594]",396x396,17.02,contour_nail_detector,True,206.09,40.16,18.6,1.012,67.18,0.882,1.2135,0.7709,13.8155,1.0,1.0,0.999,ANEMIA,49.59
Live Phone 8: Low Light / High ISO Noise,1280x720,"[403,123,877,597]",474x474,24.38,contour_nail_detector,True,199.4,46.91,23.75,1.027,75.26,0.94,1.0058,0.7322,13.8155,1.0,1.0,0.999,ANEMIA,51.99
Live Phone 9: High Contrast Smartphone HDR,1280x720,"[363,83,916,636]",553x553,33.18,contour_nail_detector,True,210.27,69.0,42.07,1.065,147.48,1.042,1.2814,0.7827,13.8155,1.0,1.0,0.999,ANEMIA,49.86
Live Phone 10: Pale Fingernail Live Stream,1280x720,"[403,123,877,597]",474x474,24.38,contour_nail_detector,True,199.24,47.15,23.39,1.025,76.27,0.945,0.7843,0.6866,13.8155,1.0,1.0,0.999,ANEMIA,49.94
Live Phone 11: Pink/Vascularized Nail Live,1280x720,"[363,83,916,636]",553x553,33.18,contour_nail_detector,True,198.56,51.55,86.66,1.451,82.61,1.067,0.5762,0.6402,-10.2316,0.0,0.0001,0.001,NO_ANEMIA,52.06
Live Phone 12: Mixed Lighting (Window + Lamp),1920x1080,"[604,184,1316,896]",712x712,24.45,contour_nail_detector,True,200.13,46.18,23.68,1.027,46.33,0.948,1.2044,0.7693,13.8155,1.0,1.0,0.999,ANEMIA,89.48
Live Phone 13: Finger On White Desk Background,1920x1080,"[604,184,1316,896]",712x712,24.45,contour_nail_detector,True,200.1,46.11,23.94,1.028,45.37,0.931,0.9009,0.7111,13.8155,1.0,1.0,0.999,ANEMIA,92.4
Live Phone 14: Finger On Wood Grain Surface,1920x1080,"[604,184,1316,896]",712x712,24.45,contour_nail_detector,True,206.6,45.31,80.89,1.417,43.68,1.094,0.6374,0.6542,-11.3541,0.0,0.0001,0.001,NO_ANEMIA,93.85
Live Phone 15: Slight Motion Blur Frame,1280x720,"[362,82,917,637]",555x555,33.42,contour_nail_detector,True,192.38,51.34,32.03,1.054,1.95,1.0,0.4078,0.6006,7.6103,0.9995,0.998,0.9975,INCONCLUSIVE,53.51
Live Phone 16: Shadow Falling on Half Nail,1280x720,"[403,123,877,597]",474x474,24.38,contour_nail_detector,True,200.41,45.6,22.74,1.025,77.54,0.951,0.6144,0.6489,13.8155,1.0,1.0,0.999,ANEMIA,53.95
Live Phone 17: Front Camera Low Contrast,1280x720,"[403,123,877,597]",474x474,24.38,contour_nail_detector,True,199.9,46.49,25.77,1.034,76.84,0.901,0.7424,0.6775,13.8155,1.0,1.0,0.999,ANEMIA,53.26
Live Phone 18: High Saturation Vivid Display,1280x720,"[363,83,916,636]",553x553,33.18,contour_nail_detector,True,212.74,56.82,55.98,1.232,100.38,1.028,0.5921,0.6438,4.4491,0.9884,0.976,0.9754,ANEMIA,54.88
Live Phone 19: Vertical Smartphone Portrait (9:16),1080x1920,"[65,327,1015,1593]",950x1266,58.0,contour_nail_detector,True,162.52,58.45,66.85,1.223,34.4,0.96,0.7673,0.6829,13.8155,1.0,1.0,0.999,ANEMIA,94.96
Live Phone 20: Camera Flash Direct Glare,1280x720,"[403,123,877,597]",474x474,24.38,contour_nail_detector,True,199.16,47.15,25.02,1.031,75.34,1.024,0.8641,0.7035,13.8155,1.0,1.0,0.999,ANEMIA,53.22
Live Phone 21: Mild Desaturation / Winter Pallor,1280x720,"[363,83,916,636]",553x553,33.18,contour_nail_detector,True,191.55,51.95,20.5,1.033,84.73,0.86,0.3172,0.5786,13.8155,1.0,1.0,0.999,ANEMIA,55.7
Live Phone 22: High Redness / Warm Flush,1280x720,"[363,83,916,636]",553x553,33.18,contour_nail_detector,True,194.54,48.32,29.07,1.047,76.91,0.874,1.3781,0.7987,13.8155,1.0,1.0,0.999,ANEMIA,55.59
Live Phone 23: 4K Sensor Downsampled,3840x2160,"[1208,368,2632,1792]",1424x1424,24.45,contour_nail_detector,True,200.55,45.27,23.52,1.025,20.95,0.854,0.9981,0.7307,13.8155,1.0,1.0,0.999,ANEMIA,293.81
Live Phone 24: Direct Sunlight Glint,1280x720,"[403,123,877,597]",474x474,24.38,contour_nail_detector,True,200.76,45.38,21.93,1.022,78.09,0.943,1.0018,0.7314,13.8155,1.0,1.0,0.999,ANEMIA,57.44
