patient_id,prob_mean,prob_median,prob_min,prob_max,img_count,ground_truth,patient_pred
ANON_PATIENT_001,0.9065606060606061,0.9545454545454546,0.68,0.999,12,1,1
ANON_PATIENT_002,0.9224949494949496,0.9545454545454546,0.6666666666666666,0.999,12,1,1
ANON_PATIENT_003,0.8756395476504172,0.9545454545454546,0.34782608695652173,0.999,12,1,1
ANON_PATIENT_004,0.9277528232636928,0.999,0.34782608695652173,0.999,12,1,1
ANON_PATIENT_005,0.8161151321578152,0.9545454545454546,0.024390243902439025,0.999,12,1,1
ANON_PATIENT_006,0.9483704906204906,0.999,0.6666666666666666,0.999,12,1,1
ANON_PATIENT_007,0.8826656485806683,0.9767727272727273,0.04,0.999,22,1,1
ANON_PATIENT_008,0.9309437229437231,0.9545454545454546,0.75,0.999,6,1,1
ANON_PATIENT_009,0.9724437229437229,0.9767727272727273,0.9285714285714286,0.999,6,1,1
ANON_PATIENT_010,0.9767727272727273,0.9767727272727273,0.9545454545454546,0.999,6,1,1
ANON_PATIENT_011,0.9213838383838384,0.9545454545454546,0.6666666666666666,0.999,6,1,1
ANON_PATIENT_012,0.8298952569169961,0.9767727272727273,0.34782608695652173,0.999,6,1,1
ANON_PATIENT_013,0.9161969696969697,0.9545454545454546,0.68,0.999,6,1,1
ANON_PATIENT_014,0.8756528326745717,0.9767727272727273,0.34782608695652173,0.999,6,1,1
ANON_PATIENT_015,0.9310151515151516,0.9767727272727273,0.68,0.999,6,1,1
ANON_PATIENT_016,0.9221904761904761,0.999,0.68,0.999,6,1,1
ANON_PATIENT_017,0.960538961038961,0.9767727272727273,0.8571428571428571,0.999,6,1,1
ANON_PATIENT_018,0.8784682539682539,0.9280714285714285,0.6666666666666666,0.999,6,1,1
ANON_PATIENT_019,0.9310151515151516,0.9767727272727273,0.68,0.999,6,1,1
ANON_PATIENT_020,0.7841376811594203,0.8395,0.34782608695652173,0.999,6,1,1
ANON_PATIENT_021,0.9915909090909091,0.999,0.9545454545454546,0.999,6,1,1
ANON_PATIENT_022,0.9384242424242424,0.999,0.68,0.999,6,1,1
ANON_PATIENT_023,0.9636190476190477,0.999,0.8571428571428571,0.999,6,1,1
ANON_PATIENT_024,0.9607056277056277,0.9545454545454546,0.9285714285714286,0.999,6,1,1
ANON_PATIENT_025,0.9693636363636364,0.9545454545454546,0.9545454545454546,0.999,6,1,1
ANON_PATIENT_026,0.9841818181818182,0.999,0.9545454545454546,0.999,6,1,1
ANON_PATIENT_027,0.9841818181818182,0.999,0.9545454545454546,0.999,6,1,1
ANON_PATIENT_028,0.9767727272727273,0.9767727272727273,0.9545454545454546,0.999,12,1,1
ANON_PATIENT_029,0.8021650981868373,0.9415584415584416,0.34782608695652173,0.999,12,1,1
ANON_PATIENT_030,0.9665746753246753,0.9545454545454546,0.9285714285714286,0.999,12,1,1
ANON_PATIENT_031,0.9545454545454546,0.9545454545454546,0.9545454545454546,0.9545454545454546,1,1,1
ANON_PATIENT_032,0.9545454545454546,0.9545454545454546,0.9545454545454546,0.9545454545454546,1,1,1
ANON_PATIENT_033,0.999,0.999,0.999,0.999,2,1,1
ANON_PATIENT_034,0.06660109579356663,0.012695121951219513,0.001,0.34782608695652173,6,0,0
ANON_PATIENT_035,0.1797677624602333,0.024390243902439025,0.001,0.68,6,0,0
ANON_PATIENT_036,0.07960109579356663,0.03219512195121951,0.001,0.34782608695652173,6,0,0
ANON_PATIENT_037,0.07699946977730647,0.024390243902439025,0.001,0.34782608695652173,6,0,0
ANON_PATIENT_038,0.13752845528455285,0.024390243902439025,0.001,0.75,6,0,0
ANON_PATIENT_039,0.01659349593495935,0.024390243902439025,0.001,0.024390243902439025,6,0,0
ANON_PATIENT_040,0.07180434782608695,0.0205,0.001,0.34782608695652173,6,0,0
ANON_PATIENT_041,0.3827222023293073,0.19391304347826085,0.001,0.9545454545454546,6,0,0
ANON_PATIENT_042,0.02309349593495935,0.024390243902439025,0.001,0.04,6,0,0
ANON_PATIENT_043,0.012695121951219515,0.012695121951219513,0.001,0.024390243902439025,6,0,0
ANON_PATIENT_044,0.019195121951219512,0.024390243902439025,0.001,0.04,6,0,0
ANON_PATIENT_045,0.2544420289855072,0.19391304347826085,0.001,0.75,6,0,0
ANON_PATIENT_046,0.23940785907859077,0.03219512195121951,0.001,0.68,6,0,0
ANON_PATIENT_047,0.017898373983739838,0.012695121951219513,0.001,0.04,6,0,0
ANON_PATIENT_048,0.1848114174620007,0.19391304347826085,0.001,0.34782608695652173,6,0,0
ANON_PATIENT_049,0.1158642951251647,0.001,0.001,0.9545454545454546,12,0,0
ANON_PATIENT_050,0.24610351546062045,0.024390243902439025,0.001,0.8571428571428571,12,0,0
ANON_PATIENT_051,0.2580088691796009,0.024390243902439025,0.001,0.9545454545454546,12,0,0
ANON_PATIENT_052,0.10208306822198658,0.024390243902439025,0.001,0.68,12,0,0
ANON_PATIENT_053,0.20226767676767676,0.0205,0.001,0.9545454545454546,12,0,0
ANON_PATIENT_054,0.12494444444444443,0.0205,0.001,0.6666666666666666,6,0,0
ANON_PATIENT_055,0.9383528138528138,0.9767727272727273,0.75,0.999,6,1,1
ANON_PATIENT_056,0.917054834054834,0.9545454545454546,0.6666666666666666,0.999,6,1,1
ANON_PATIENT_057,0.9340952380952382,0.999,0.68,0.999,6,1,1
