filename,patient_id,true_label,file_sha256,dimensions,efficientnet_raw_logit,efficientnet_prob,jetx_gt_prob,raw_fusion_prob,calibrated_prob,final_state,reason,threshold,latency_ms,http_status
Fingernails/Anemic-Fin-008 (10).png,Anemic-Fin-008,1,762b19736f71825da2d2f1208eb8a530577e28d528a21896ed79c99a10a5f43b,224x224,1.126071,0.7551,0.9976,0.9964,0.9959,ANEMIA,,0.9,32.7,200
Fingernails/Anemic-Fin-014 (10).png,Anemic-Fin-014,1,08d1e44b3cec71b6e34e52d52aaec2bde6bb94ec926c7b92efb7a5e62927d680,224x224,0.632974,0.6532,0.9992,0.9975,0.997,ANEMIA,,0.9,21.5,200
Fingernails/Anemic-FN-023 (10).png,Anemic-FN-023,1,3ae2df174db7e85bdb727e2463ba688a5e8041197233bdab37a69c6284638aba,224x224,0.729485,0.6747,1.0,0.9998,0.999,ANEMIA,,0.9,22.91,200
Fingernails/Anemic-FN-051 (10).png,Anemic-FN-051,1,423b86c418fdf3e59a21e9e3d0d365ec5f641834e12cc96dfd718fa9d38a0fd7,224x224,1.651007,0.839,1.0,1.0,0.999,ANEMIA,,0.9,21.85,200
Fingernails/Anemic-FN-053 (10).png,Anemic-FN-053,1,05417fee5d87c0247cb08bbdce02e19ee01ed79ff4c4d37d71f4c9dd98a122fb,224x224,0.620848,0.6504,0.9956,0.9896,0.9891,ANEMIA,,0.9,44.88,200
Fingernails/Non-Anrmic-FN-002 (2).png,Non-Anrmic-FN-002,0,1393785236c4f0d6d0e851045b2f3036e49d9810af83322da11e92035a3792f5,224x224,,,,,,INCONCLUSIVE,non_skin_chromaticity,,25.12,200
Fingernails/Non-Anrmic-FN-017 (2).png,Non-Anrmic-FN-017,0,1d6463f1d613be5462fffac4199e10e823e2701477f9811b5c5932414a9cdff5,224x224,,,,,,INCONCLUSIVE,non_skin_chromaticity,,29.74,200
Fingernails/Non-Anrmic-FN-074 (2).png,Non-Anrmic-FN-074,0,0818266d693756807195bec9b638a81510fc988c9d24987d8643f4915f66d651,224x224,0.030744,0.5077,0.0,0.0,0.001,NO_ANEMIA,,0.9,46.58,200
Fingernails/Non-Anrmic-FN-077 (2).png,Non-Anrmic-FN-077,0,3c336f6da5eb07b65f12b01916315a0ed44544e2b0dcd57d2e9ced24fe4c164a,224x224,-0.175443,0.4563,0.0,0.0,0.001,NO_ANEMIA,,0.9,21.08,200
Fingernails/Non-Anrmic-FN-095 (2).png,Non-Anrmic-FN-095,0,dadd11ac3016d9cad553d46fbf1ad80ab565b94fc212ada6aa5c40ebaa705e41,224x224,,,,,,INCONCLUSIVE,non_skin_chromaticity,,23.63,200
