filename,sha256,version,date
01_protocol/phase_6_clinical_protocol_v2.1.md,4c076f1d62cec7e860a96c80c22652706403f11d0ac627e6c9cef8e5088fb0fc,v2.1,2026-09-30
02_statistical_plan/phase_6_sample_size_justification.md,c01e5926d3d41f5c1248ebd691256f43a0c39223097bdfd5988656f142166724,v1.0,2026-09-30
02_statistical_plan/phase_6_statistical_analysis_plan_v2.1.md,3e359cf2306b16813157b529f6bd909b182f11022ac134a396e5d243a13acc65,v1.0,2026-09-30
03_reference_standard/laboratory_reference_standard_checklist.md,5d4eb003cc5112f2c59ba98dc8b0714965c55f809af2a2cd6c54014b10233cc1,v1.0,2026-09-30
03_reference_standard/phase_6_reference_standard_sop_v1.0.md,c6f222005d4158e10bc23d9109de7b92e497e4c328ce3f69fb9bcf4f6b7fd623,v1.0,2026-09-30
04_participant_documents/parental_consent_form_en.md,46fa58e751af4045d8e4cb735307513845a8ed942c5a49d14074cf3afced04d0,v1.0,2026-09-30
04_participant_documents/parental_consent_form_ga.md,74467e44b76388e5ed1bd906a0ebe27d8d9c4cdfdaa81862a5670939cb774577,v1.0,2026-09-30
04_participant_documents/parental_consent_form_twi.md,b8a23b4944e0312dcfd7955eaec566ff07c66546570abf3fd571bbce6f254198,v1.0,2026-09-30
04_participant_documents/participant_information_sheet_en.md,5bf8ec8dd82c653f496bb248a14312e7344dcf6bb8bb9ba27414e6e002989d78,v1.0,2026-09-30
04_participant_documents/participant_information_sheet_ga.md,7e80eb0b8378c41e5ede9e239f344def517b0445bd7912851a81b66e63cd49ea,v1.0,2026-09-30
04_participant_documents/participant_information_sheet_twi.md,a679f0dc1712cd7ab36bedd75dbfad460d408db61f00febc81bc47a4fe7edddb,v1.0,2026-09-30
05_ethics_governance/ghs_erc_submission_checklist_final.md,2632fa1d1576c19df6dd3776bd6f8f61a35cfb199c68a9a126581db4e85541d4,v1.0,2026-09-30
06_ai_technical_file/algorithm_description.md,ae77a70f1b74664eb3bca204fa1da3a65629f0f0f2e246aec7c112055019d729,v1.0,2026-09-30
06_ai_technical_file/calibration_specification.md,0727ff6285189c1e73a86e26e4671aee56d046bfdc06ad61d4e10880672c0d7b,v1.0,2026-09-30
06_ai_technical_file/cybersecurity_and_privacy.md,9c413e9d3064e881797457131f2a74ced776660677b35347fbb4c94d04672477,v1.0,2026-09-30
06_ai_technical_file/model_card.md,8118c55a170196d0a239fd804edc25de36c9d16d5d863ba8307b5210144e00c6,v1.0,2026-09-30
06_ai_technical_file/model_version_manifest.json,f3122ae576f629508e650c01a1cf0e7ff3e206095553f5030ea9c203d6467cd5,v1.0,2026-09-30
06_ai_technical_file/preprocessing_specification.md,203c69f8690a6f5269ecc1297bd6c60283a68c863a1d34c1aa6123a39261ee77,v1.0,2026-09-30
06_ai_technical_file/software_architecture.md,184e1057b23a68a8d1cffb301c60a103496a3922ddc7e1bc8f0943f6aec65a71,v1.0,2026-09-30
06_ai_technical_file/threshold_specification.md,6dee9ebc2b3573c208f397180f67d1e8209583a5a6dca49851869ff09511f93a,v1.0,2026-09-30
06_ai_technical_file/traceability_matrix.csv,d36cddb59d33fbcde46ad58e440518440dc322f1f114453c27d2a9cb78e8668d,v1.0,2026-09-30
06_ai_technical_file/uncertainty_and_ood_specification.md,ac760d236a165fc1425f72b227efca22aaec73f8390e70c7274bd4916edef5e3,v1.0,2026-09-30
07_data_protection/data_flow_diagram.md,e10eb0b3817d112fb310237a0361bd58c4d288e1ea74cd02a8752158031d94b6,v1.0,2026-09-30
07_data_protection/data_protection_plan.md,047b39bbb7dafae1d9d0691e576b54e7a854aec3ff1eeb5701ddd139cbd14283,v1.0,2026-09-30
07_data_protection/retention_and_deletion_policy.md,18969bbedb3ce4fb68702df83661bfb324099b72a678fb32493f8b2a6333576b,v1.0,2026-09-30
08_stard_ai/STARD_AI_checklist_v1.0.md,aa3eae72edfac14154b42e515cec70157cf004a3338bbbfe95ab8ecdd010c024,v1.0,2026-09-30
09_investigator_documents/investigator_qualifications_and_responsibilities.md,7bf2d43ed35ccb5074e56be47abaf9e6e791307e91da02b74f349865b482c74b,v1.0,2026-09-30
09_investigator_documents/site_readiness_and_training_checklist.md,cfba84db3f26d39454da38650c9ea1fc15e34acaeadb8c1c2caed982c795045f,v1.0,2026-09-30
10_submission_index/clinical_trial_registration_checklist.md,4641d4ac60f7d424fdae8ea0f481fef9b3d61468abb0e8a2bb729afa4ff84b9d,v1.0,2026-09-30
10_submission_index/MASTER_SUBMISSION_INDEX.md,10bf7bf481e163c8604be29fd7c8ce2c1e6f4d4d963a15bcb7348273e55e38fa,v1.0,2026-09-30
