image_id,patient_id,anemia_label,raw_logit,sigmoid_prob
IMG_00000,Anemic-Fin-007,1.0,2.103515625,0.89111328125
IMG_00001,Anemic-Fin-007,1.0,2.1171875,0.892578125
IMG_00002,Anemic-Fin-007,1.0,1.3330078125,0.79150390625
IMG_00003,Anemic-Fin-007,1.0,2.599609375,0.9306640625
IMG_00004,Anemic-Fin-007,1.0,2.5546875,0.927734375
IMG_00005,Anemic-Fin-007,1.0,1.81640625,0.8603515625
IMG_00006,Anemic-Fin-007,1.0,1.759765625,0.85302734375
IMG_00007,Anemic-Fin-007,1.0,0.92236328125,0.71533203125
IMG_00008,Anemic-Fin-007,1.0,1.4443359375,0.80908203125
IMG_00009,Anemic-Fin-007,1.0,2.970703125,0.951171875
IMG_00010,Anemic-Fin-007,1.0,2.564453125,0.9287109375
IMG_00011,Anemic-Fin-007,1.0,2.517578125,0.92529296875
IMG_00036,Anemic-Fin-011,1.0,1.9462890625,0.875
IMG_00037,Anemic-Fin-011,1.0,3.412109375,0.96826171875
IMG_00038,Anemic-Fin-011,1.0,2.255859375,0.9052734375
IMG_00039,Anemic-Fin-011,1.0,1.7412109375,0.85107421875
IMG_00040,Anemic-Fin-011,1.0,1.541015625,0.82373046875
IMG_00041,Anemic-Fin-011,1.0,1.533203125,0.822265625
IMG_00042,Anemic-Fin-011,1.0,1.26171875,0.779296875
IMG_00043,Anemic-Fin-011,1.0,1.724609375,0.8486328125
IMG_00044,Anemic-Fin-011,1.0,1.8505859375,0.8642578125
IMG_00045,Anemic-Fin-011,1.0,2.453125,0.9208984375
IMG_00046,Anemic-Fin-011,1.0,1.810546875,0.859375
IMG_00047,Anemic-Fin-011,1.0,1.58984375,0.83056640625
IMG_00252,Anemic-FN-002,1.0,1.669921875,0.841796875
IMG_00253,Anemic-FN-002,1.0,1.5478515625,0.82470703125
IMG_00254,Anemic-FN-002,1.0,2.53515625,0.9267578125
IMG_00255,Anemic-FN-002,1.0,2.39453125,0.91650390625
IMG_00256,Anemic-FN-002,1.0,2.01953125,0.8828125
IMG_00257,Anemic-FN-002,1.0,3.576171875,0.97265625
IMG_00258,Anemic-FN-002,1.0,1.2158203125,0.771484375
IMG_00259,Anemic-FN-002,1.0,2.12109375,0.89306640625
IMG_00260,Anemic-FN-002,1.0,2.203125,0.900390625
IMG_00261,Anemic-FN-002,1.0,2.30859375,0.90966796875
IMG_00262,Anemic-FN-002,1.0,1.2626953125,0.779296875
IMG_00263,Anemic-FN-002,1.0,1.2060546875,0.76953125
IMG_00336,Anemic-FN-014,1.0,1.8212890625,0.86083984375
IMG_00337,Anemic-FN-014,1.0,1.421875,0.8056640625
IMG_00338,Anemic-FN-014,1.0,2.86328125,0.94580078125
IMG_00339,Anemic-FN-014,1.0,2.65625,0.9345703125
IMG_00340,Anemic-FN-014,1.0,2.1875,0.89892578125
IMG_00341,Anemic-FN-014,1.0,2.509765625,0.9248046875
IMG_00342,Anemic-FN-014,1.0,0.8896484375,0.708984375
IMG_00343,Anemic-FN-014,1.0,3.310546875,0.96484375
IMG_00344,Anemic-FN-014,1.0,1.9599609375,0.87646484375
IMG_00345,Anemic-FN-014,1.0,1.8271484375,0.861328125
IMG_00346,Anemic-FN-014,1.0,2.669921875,0.93505859375
IMG_00347,Anemic-FN-014,1.0,2.306640625,0.90966796875
IMG_00643,Anemic-FN-055,1.0,1.9599609375,0.87646484375
IMG_00644,Anemic-FN-055,1.0,2.283203125,0.90771484375
IMG_00645,Anemic-FN-055,1.0,2.173828125,0.89794921875
IMG_00646,Anemic-FN-055,1.0,3.009765625,0.953125
IMG_00647,Anemic-FN-055,1.0,2.091796875,0.89013671875
IMG_00648,Anemic-FN-055,1.0,1.7607421875,0.853515625
IMG_00649,Anemic-FN-055,1.0,2.083984375,0.88916015625
IMG_00650,Anemic-FN-055,1.0,2.1875,0.89892578125
IMG_00651,Anemic-FN-055,1.0,2.1640625,0.89697265625
IMG_00652,Anemic-FN-055,1.0,1.9814453125,0.87890625
IMG_00653,Anemic-FN-055,1.0,1.8642578125,0.86572265625
IMG_00654,Anemic-FN-055,1.0,2.173828125,0.89794921875
IMG_00655,Anemic-FN-056,1.0,2.51171875,0.9248046875
IMG_00656,Anemic-FN-056,1.0,2.822265625,0.94384765625
IMG_00657,Anemic-FN-056,1.0,1.0947265625,0.74951171875
IMG_00658,Anemic-FN-056,1.0,1.98828125,0.87939453125
IMG_00659,Anemic-FN-056,1.0,1.9404296875,0.87451171875
IMG_00660,Anemic-FN-056,1.0,1.6171875,0.83447265625
IMG_00661,Anemic-FN-056,1.0,1.8603515625,0.865234375
IMG_00662,Anemic-FN-056,1.0,1.6826171875,0.84326171875
IMG_00663,Anemic-FN-056,1.0,2.15234375,0.89599609375
IMG_00664,Anemic-FN-056,1.0,1.3955078125,0.80126953125
IMG_00665,Anemic-FN-056,1.0,2.474609375,0.92236328125
IMG_00666,Anemic-FN-056,1.0,3.1328125,0.9580078125
IMG_00852,Anemic-FN-083,1.0,1.8740234375,0.86669921875
IMG_00853,Anemic-FN-083,1.0,0.900390625,0.7109375
IMG_00854,Anemic-FN-083,1.0,2.4609375,0.92138671875
IMG_00855,Anemic-FN-083,1.0,2.318359375,0.91015625
IMG_00856,Anemic-FN-083,1.0,3.390625,0.96728515625
IMG_00857,Anemic-FN-083,1.0,1.8974609375,0.86962890625
IMG_00858,Anemic-FN-083,1.0,1.1376953125,0.75732421875
IMG_00859,Anemic-FN-083,1.0,0.94775390625,0.720703125
IMG_00860,Anemic-FN-083,1.0,1.2060546875,0.76953125
IMG_00861,Anemic-FN-083,1.0,1.716796875,0.84765625
IMG_00862,Anemic-FN-083,1.0,1.865234375,0.86572265625
IMG_00863,Anemic-FN-083,1.0,2.4140625,0.91796875
IMG_00948,Anemic-FN-108,1.0,1.9755859375,0.87841796875
IMG_00949,Anemic-FN-108,1.0,1.4443359375,0.80908203125
IMG_00950,Anemic-FN-108,1.0,1.89453125,0.869140625
IMG_00951,Anemic-FN-108,1.0,2.70703125,0.9375
IMG_00952,Anemic-FN-108,1.0,2.818359375,0.94384765625
IMG_00953,Anemic-FN-108,1.0,1.6064453125,0.8330078125
IMG_00954,Anemic-FN-108,1.0,1.8798828125,0.86767578125
IMG_00955,Anemic-FN-108,1.0,1.9345703125,0.87353515625
IMG_00956,Anemic-FN-108,1.0,1.564453125,0.8271484375
IMG_00957,Anemic-FN-108,1.0,1.0498046875,0.74072265625
IMG_00958,Anemic-FN-108,1.0,2.677734375,0.935546875
IMG_00959,Anemic-FN-108,1.0,3.388671875,0.96728515625
IMG_01068,Anemic-FN-137,1.0,0.92333984375,0.7158203125
IMG_01069,Anemic-FN-137,1.0,1.5927734375,0.8310546875
IMG_01070,Anemic-FN-137,1.0,1.794921875,0.857421875
IMG_01071,Anemic-FN-137,1.0,3.341796875,0.9658203125
IMG_01072,Anemic-FN-137,1.0,2.0703125,0.88818359375
IMG_01073,Anemic-FN-137,1.0,2.345703125,0.91259765625
IMG_01302,Anemic-FN-193,1.0,1.3876953125,0.80029296875
IMG_01303,Anemic-FN-193,1.0,2.458984375,0.92138671875
IMG_01304,Anemic-FN-193,1.0,2.068359375,0.8876953125
IMG_01305,Anemic-FN-193,1.0,1.703125,0.845703125
IMG_01306,Anemic-FN-193,1.0,2.525390625,0.92578125
IMG_01307,Anemic-FN-193,1.0,2.1640625,0.89697265625
IMG_01344,Anemic-FN-204,1.0,2.4765625,0.92236328125
IMG_01345,Anemic-FN-204,1.0,1.1337890625,0.75634765625
IMG_01346,Anemic-FN-204,1.0,2.865234375,0.9462890625
IMG_01347,Anemic-FN-204,1.0,1.9599609375,0.87646484375
IMG_01348,Anemic-FN-204,1.0,1.8837890625,0.8681640625
IMG_01349,Anemic-FN-204,1.0,2.310546875,0.90966796875
IMG_01368,Anemic-FN-210,1.0,2.349609375,0.9130859375
IMG_01369,Anemic-FN-210,1.0,1.6435546875,0.837890625
IMG_01370,Anemic-FN-210,1.0,2.294921875,0.90869140625
IMG_01371,Anemic-FN-210,1.0,1.1484375,0.75927734375
IMG_01372,Anemic-FN-210,1.0,1.8125,0.85986328125
IMG_01373,Anemic-FN-210,1.0,2.455078125,0.9208984375
IMG_01410,Anemic-FN-220,1.0,2.794921875,0.9423828125
IMG_01411,Anemic-FN-220,1.0,2.55078125,0.927734375
IMG_01412,Anemic-FN-220,1.0,2.384765625,0.91552734375
IMG_01413,Anemic-FN-220,1.0,1.6884765625,0.84423828125
IMG_01414,Anemic-FN-220,1.0,2.173828125,0.89794921875
IMG_01415,Anemic-FN-220,1.0,2.294921875,0.90869140625
IMG_01488,Anemic-FN-244,1.0,2.21484375,0.9013671875
IMG_01489,Anemic-FN-244,1.0,2.14453125,0.89501953125
IMG_01490,Anemic-FN-244,1.0,1.5361328125,0.82275390625
IMG_01491,Anemic-FN-244,1.0,1.9951171875,0.88037109375
IMG_01492,Anemic-FN-244,1.0,2.154296875,0.89599609375
IMG_01493,Anemic-FN-244,1.0,1.5849609375,0.830078125
IMG_01530,Anemic-FN-255,1.0,3.583984375,0.97314453125
IMG_01531,Anemic-FN-255,1.0,1.5341796875,0.82275390625
IMG_01532,Anemic-FN-255,1.0,1.8525390625,0.8642578125
IMG_01533,Anemic-FN-255,1.0,2.28125,0.9072265625
IMG_01534,Anemic-FN-255,1.0,1.7548828125,0.8525390625
IMG_01535,Anemic-FN-255,1.0,1.537109375,0.8232421875
IMG_01560,Anemic-FN-263,1.0,1.798828125,0.85791015625
IMG_01561,Anemic-FN-263,1.0,3.158203125,0.95947265625
IMG_01562,Anemic-FN-263,1.0,2.22265625,0.90234375
IMG_01563,Anemic-FN-263,1.0,1.6767578125,0.84228515625
IMG_01564,Anemic-FN-263,1.0,1.314453125,0.7880859375
IMG_01565,Anemic-FN-263,1.0,2.787109375,0.94189453125
IMG_01578,Anemic-FN-268,1.0,2.6875,0.9365234375
IMG_01579,Anemic-FN-268,1.0,0.90673828125,0.71240234375
IMG_01580,Anemic-FN-268,1.0,1.2265625,0.7734375
IMG_01581,Anemic-FN-268,1.0,2.3046875,0.9091796875
IMG_01582,Anemic-FN-268,1.0,1.869140625,0.8662109375
IMG_01583,Anemic-FN-268,1.0,1.9208984375,0.8720703125
IMG_01617,Anmeic-fn-002 1,1.0,1.166015625,0.76220703125
IMG_01618,Anmeic-fn-002,1.0,1.15234375,0.759765625
IMG_01625,Anmeic-fn-004 14,1.0,2.373046875,0.91455078125
IMG_01648,Non-anemic-Fin-005,1.0,1.5908203125,0.83056640625
IMG_01649,Non-anemic-Fin-005,1.0,2.27734375,0.9072265625
IMG_01650,Non-anemic-Fin-005,1.0,1.7626953125,0.853515625
IMG_01651,Non-anemic-Fin-005,1.0,1.935546875,0.8740234375
IMG_01652,Non-anemic-Fin-005,1.0,1.294921875,0.78515625
IMG_01653,Non-anemic-Fin-005,1.0,1.814453125,0.85986328125
IMG_01660,Non-anemic-Fin-010,1.0,2.314453125,0.91015625
IMG_01661,Non-anemic-Fin-010,1.0,2.1171875,0.892578125
IMG_01662,Non-anemic-Fin-010,1.0,2.091796875,0.89013671875
IMG_01663,Non-anemic-Fin-010,1.0,2.455078125,0.9208984375
IMG_01664,Non-anemic-Fin-010,1.0,2.064453125,0.88720703125
IMG_01665,Non-anemic-Fin-010,1.0,2.095703125,0.890625
IMG_01858,Non-Anrmic-FN-040,0.0,-2.87109375,0.0535888671875
IMG_01859,Non-Anrmic-FN-040,0.0,-3.0078125,0.047088623046875
IMG_01860,Non-Anrmic-FN-040,0.0,-3.56640625,0.0274810791015625
IMG_01861,Non-Anrmic-FN-040,0.0,-3.314453125,0.035064697265625
IMG_01862,Non-Anrmic-FN-040,0.0,-2.880859375,0.0531005859375
IMG_01863,Non-Anrmic-FN-040,0.0,-3.494140625,0.02947998046875
IMG_01894,Non-Anrmic-FN-053,0.0,-3.001953125,0.047332763671875
IMG_01895,Non-Anrmic-FN-053,0.0,-3.064453125,0.044586181640625
IMG_01896,Non-Anrmic-FN-053,0.0,-3.732421875,0.02337646484375
IMG_01897,Non-Anrmic-FN-053,0.0,-2.89453125,0.05242919921875
IMG_01898,Non-Anrmic-FN-053,0.0,-3.341796875,0.0341796875
IMG_01899,Non-Anrmic-FN-053,0.0,-3.201171875,0.03912353515625
IMG_01912,Non-Anrmic-FN-057,0.0,-3.41015625,0.031982421875
IMG_01913,Non-Anrmic-FN-057,0.0,-2.15625,0.103759765625
IMG_01914,Non-Anrmic-FN-057,0.0,-2.998046875,0.047515869140625
IMG_01915,Non-Anrmic-FN-057,0.0,-3.208984375,0.038818359375
IMG_01916,Non-Anrmic-FN-057,0.0,-3.32421875,0.034759521484375
IMG_01917,Non-Anrmic-FN-057,0.0,-3.435546875,0.0312042236328125
IMG_01930,Non-Anrmic-FN-060,0.0,-3.310546875,0.03521728515625
IMG_01931,Non-Anrmic-FN-060,0.0,-2.90234375,0.052032470703125
IMG_01932,Non-Anrmic-FN-060,0.0,-3.900390625,0.01983642578125
IMG_01933,Non-Anrmic-FN-060,0.0,-3.42578125,0.031494140625
IMG_01934,Non-Anrmic-FN-060,0.0,-2.966796875,0.0489501953125
IMG_01935,Non-Anrmic-FN-060,0.0,-1.6796875,0.1571044921875
IMG_01936,Non-Anrmic-FN-061,0.0,-4.1796875,0.01507568359375
IMG_01937,Non-Anrmic-FN-061,0.0,-3.025390625,0.046295166015625
IMG_01938,Non-Anrmic-FN-061,0.0,-3.041015625,0.04559326171875
IMG_01939,Non-Anrmic-FN-061,0.0,-1.94140625,0.12548828125
IMG_01940,Non-Anrmic-FN-061,0.0,-2.650390625,0.06597900390625
IMG_01941,Non-Anrmic-FN-061,0.0,-3.28125,0.036224365234375
IMG_01960,Non-Anrmic-FN-066,0.0,-2.578125,0.070556640625
IMG_01961,Non-Anrmic-FN-066,0.0,-2.990234375,0.047882080078125
IMG_01962,Non-Anrmic-FN-066,0.0,-3.55078125,0.0279083251953125
IMG_01963,Non-Anrmic-FN-066,0.0,-3.23828125,0.037750244140625
IMG_01964,Non-Anrmic-FN-066,0.0,-2.091796875,0.10992431640625
IMG_01965,Non-Anrmic-FN-066,0.0,-2.1953125,0.10015869140625
IMG_02056,Non-Anrmic-FN-091,0.0,-3.623046875,0.0260009765625
IMG_02057,Non-Anrmic-FN-091,0.0,-3.28515625,0.03607177734375
IMG_02058,Non-Anrmic-FN-091,0.0,-2.982421875,0.0482177734375
IMG_02059,Non-Anrmic-FN-091,0.0,-3.5546875,0.027801513671875
IMG_02060,Non-Anrmic-FN-091,0.0,-3.060546875,0.044769287109375
IMG_02061,Non-Anrmic-FN-091,0.0,-2.908203125,0.0517578125
IMG_02230,Non-Anrmic-FN-137,0.0,-3.849609375,0.020843505859375
IMG_02231,Non-Anrmic-FN-137,0.0,-4.390625,0.012237548828125
IMG_02232,Non-Anrmic-FN-137,0.0,-3.189453125,0.03955078125
IMG_02233,Non-Anrmic-FN-137,0.0,-3.259765625,0.0369873046875
IMG_02234,Non-Anrmic-FN-137,0.0,-3.474609375,0.0300445556640625
IMG_02235,Non-Anrmic-FN-137,0.0,-3.57421875,0.0272674560546875
IMG_02392,Non-Anrmic-FN-160,0.0,-3.6484375,0.0253753662109375
IMG_02393,Non-Anrmic-FN-160,0.0,-2.79296875,0.057708740234375
IMG_02394,Non-Anrmic-FN-160,0.0,-3.58984375,0.02685546875
IMG_02395,Non-Anrmic-FN-160,0.0,-3.63671875,0.025665283203125
IMG_02396,Non-Anrmic-FN-160,0.0,-3.658203125,0.0251312255859375
IMG_02397,Non-Anrmic-FN-160,0.0,-3.603515625,0.0265045166015625
IMG_02398,Non-Anrmic-FN-160,0.0,-3.38671875,0.03271484375
IMG_02399,Non-Anrmic-FN-160,0.0,-1.5908203125,0.1693115234375
IMG_02400,Non-Anrmic-FN-160,0.0,-4.26953125,0.0137939453125
IMG_02401,Non-Anrmic-FN-160,0.0,-3.791015625,0.0220794677734375
IMG_02402,Non-Anrmic-FN-160,0.0,-2.265625,0.093994140625
IMG_02403,Non-Anrmic-FN-160,0.0,-3.658203125,0.0251312255859375
IMG_02431,Non-Anrmic-FN-163,0.0,-3.31640625,0.035003662109375
IMG_02432,Non-Anrmic-FN-163,0.0,-3.68359375,0.0245208740234375
IMG_02433,Non-Anrmic-FN-163,0.0,-3.451171875,0.030731201171875
IMG_02434,Non-Anrmic-FN-163,0.0,-3.796875,0.021942138671875
IMG_02435,Non-Anrmic-FN-163,0.0,-3.84765625,0.0208892822265625
IMG_02436,Non-Anrmic-FN-163,0.0,-3.142578125,0.0413818359375
IMG_02437,Non-Anrmic-FN-163,0.0,-3.185546875,0.039703369140625
IMG_02438,Non-Anrmic-FN-163,0.0,-2.9296875,0.05072021484375
IMG_02439,Non-Anrmic-FN-163,0.0,-2.927734375,0.050811767578125
IMG_02440,Non-Anrmic-FN-163,0.0,-3.2734375,0.0364990234375
IMG_02441,Non-Anrmic-FN-163,0.0,-3.443359375,0.0309600830078125
IMG_02442,Non-Anrmic-FN-163,0.0,-3.810546875,0.0216522216796875
IMG_02515,Non-Anrmic-FN-171,0.0,-3.76953125,0.0225372314453125
IMG_02516,Non-Anrmic-FN-171,0.0,-3.732421875,0.02337646484375
IMG_02517,Non-Anrmic-FN-171,0.0,-2.90234375,0.052032470703125
IMG_02518,Non-Anrmic-FN-171,0.0,-3.794921875,0.0219879150390625
IMG_02519,Non-Anrmic-FN-171,0.0,-3.54296875,0.028106689453125
IMG_02520,Non-Anrmic-FN-171,0.0,-2.822265625,0.056121826171875
IMG_02521,Non-Anrmic-FN-171,0.0,-3.189453125,0.03955078125
IMG_02522,Non-Anrmic-FN-171,0.0,-2.79296875,0.057708740234375
IMG_02523,Non-Anrmic-FN-171,0.0,-1.8486328125,0.135986328125
IMG_02524,Non-Anrmic-FN-171,0.0,-3.23046875,0.03802490234375
IMG_02525,Non-Anrmic-FN-171,0.0,-3.33984375,0.03424072265625
IMG_02526,Non-Anrmic-FN-171,0.0,-4.109375,0.0161590576171875
IMG_02575,Non-Anrmic-FN-180,0.0,-3.833984375,0.0211639404296875
IMG_02576,Non-Anrmic-FN-180,0.0,-3.05078125,0.045196533203125
IMG_02577,Non-Anrmic-FN-180,0.0,-3.25390625,0.037200927734375
IMG_02578,Non-Anrmic-FN-180,0.0,-3.287109375,0.0360107421875
IMG_02579,Non-Anrmic-FN-180,0.0,-4.078125,0.01666259765625
IMG_02580,Non-Anrmic-FN-180,0.0,-3.568359375,0.027435302734375
IMG_02581,Non-Anrmic-FN-180,0.0,-3.25390625,0.037200927734375
IMG_02582,Non-Anrmic-FN-180,0.0,-3.431640625,0.03131103515625
IMG_02583,Non-Anrmic-FN-180,0.0,-3.30078125,0.035552978515625
IMG_02584,Non-Anrmic-FN-180,0.0,-3.853515625,0.0207672119140625
IMG_02585,Non-Anrmic-FN-180,0.0,-3.345703125,0.034027099609375
IMG_02586,Non-Anrmic-FN-180,0.0,-3.57421875,0.0272674560546875
IMG_02647,Non-Anrmic-FN-197,0.0,-4.8046875,0.00812530517578125
IMG_02648,Non-Anrmic-FN-197,0.0,-3.080078125,0.0439453125
IMG_02649,Non-Anrmic-FN-197,0.0,-2.53125,0.07366943359375
IMG_02650,Non-Anrmic-FN-197,0.0,-3.05078125,0.045196533203125
IMG_02651,Non-Anrmic-FN-197,0.0,-4.171875,0.01519012451171875
IMG_02652,Non-Anrmic-FN-197,0.0,-3.140625,0.041473388671875
IMG_02653,Non-Anrmic-FN-197,0.0,-3.75,0.022979736328125
IMG_02654,Non-Anrmic-FN-197,0.0,-3.578125,0.0271759033203125
IMG_02655,Non-Anrmic-FN-197,0.0,-3.0078125,0.047088623046875
IMG_02656,Non-Anrmic-FN-197,0.0,-2.763671875,0.059326171875
IMG_02657,Non-Anrmic-FN-197,0.0,-2.8125,0.056640625
IMG_02658,Non-Anrmic-FN-197,0.0,-1.9658203125,0.12286376953125
IMG_02958,Anemic-FN-091,1.0,2.3984375,0.91650390625
IMG_02959,Anemic-FN-091,1.0,2.208984375,0.90087890625
IMG_02960,Anemic-FN-091,1.0,2.12890625,0.8935546875
IMG_02961,Anemic-FN-091,1.0,1.5380859375,0.8232421875
IMG_02962,Anemic-FN-091,1.0,2.3046875,0.9091796875
IMG_02963,Anemic-FN-091,1.0,1.3095703125,0.78759765625
IMG_02970,Anemic-FN-094,1.0,1.947265625,0.875
IMG_02971,Anemic-FN-094,1.0,2.048828125,0.8857421875
IMG_02972,Anemic-FN-094,1.0,1.1943359375,0.767578125
IMG_02973,Anemic-FN-094,1.0,3.203125,0.9609375
IMG_02974,Anemic-FN-094,1.0,2.677734375,0.935546875
IMG_02975,Anemic-FN-094,1.0,1.482421875,0.81494140625
IMG_03066,Anemic-FN-208,1.0,2.6640625,0.93505859375
IMG_03067,Anemic-FN-208,1.0,2.2734375,0.90673828125
IMG_03068,Anemic-FN-208,1.0,2.251953125,0.90478515625
IMG_03069,Anemic-FN-208,1.0,2.98046875,0.95166015625
IMG_03070,Anemic-FN-208,1.0,1.208984375,0.77001953125
IMG_03071,Anemic-FN-208,1.0,1.232421875,0.7744140625
IMG_03102,Anemic-FN-239,1.0,2.833984375,0.9443359375
IMG_03103,Anemic-FN-239,1.0,2.71484375,0.93798828125
IMG_03104,Anemic-FN-239,1.0,2.05859375,0.88671875
IMG_03105,Anemic-FN-239,1.0,1.349609375,0.7939453125
IMG_03106,Anemic-FN-239,1.0,2.712890625,0.93798828125
IMG_03107,Anemic-FN-239,1.0,2.23828125,0.90380859375
IMG_03150,Anmeic-fn-005,1.0,2.88671875,0.947265625
IMG_03172,Non-Anrmic-FN-024,0.0,-3.5234375,0.028656005859375
IMG_03173,Non-Anrmic-FN-024,0.0,-3.62109375,0.02606201171875
IMG_03174,Non-Anrmic-FN-024,0.0,-3.326171875,0.034698486328125
IMG_03175,Non-Anrmic-FN-024,0.0,-3.466796875,0.0302734375
IMG_03176,Non-Anrmic-FN-024,0.0,-2.98046875,0.048309326171875
IMG_03177,Non-Anrmic-FN-024,0.0,-3.083984375,0.04376220703125
IMG_03268,Non-Anrmic-FN-132,0.0,-3.412109375,0.03192138671875
IMG_03269,Non-Anrmic-FN-132,0.0,-2.453125,0.0792236328125
IMG_03270,Non-Anrmic-FN-132,0.0,-3.60546875,0.026458740234375
IMG_03271,Non-Anrmic-FN-132,0.0,-3.017578125,0.046630859375
IMG_03272,Non-Anrmic-FN-132,0.0,-3.1015625,0.04302978515625
IMG_03273,Non-Anrmic-FN-132,0.0,-3.103515625,0.04296875
IMG_03394,Non-Anrmic-FN-201,0.0,-3.9375,0.0191192626953125
IMG_03395,Non-Anrmic-FN-201,0.0,-3.84765625,0.0208892822265625
IMG_03396,Non-Anrmic-FN-201,0.0,-3.9609375,0.0186920166015625
IMG_03397,Non-Anrmic-FN-201,0.0,-3.306640625,0.03533935546875
IMG_03398,Non-Anrmic-FN-201,0.0,-3.123046875,0.04217529296875
IMG_03399,Non-Anrmic-FN-201,0.0,-3.70703125,0.023956298828125
IMG_03400,Non-Anrmic-FN-201,0.0,-3.88671875,0.0200958251953125
IMG_03401,Non-Anrmic-FN-201,0.0,-3.369140625,0.03326416015625
IMG_03402,Non-Anrmic-FN-201,0.0,-4.48828125,0.01111602783203125
IMG_03403,Non-Anrmic-FN-201,0.0,-3.1640625,0.04052734375
IMG_03404,Non-Anrmic-FN-201,0.0,-3.369140625,0.03326416015625
IMG_03405,Non-Anrmic-FN-201,0.0,-3.482421875,0.029815673828125
IMG_03529,Anemic-FN-037,1.0,1.328125,0.79052734375
IMG_03530,Anemic-FN-037,1.0,3.048828125,0.95458984375
IMG_03531,Anemic-FN-037,1.0,1.333984375,0.79150390625
IMG_03532,Anemic-FN-037,1.0,2.0234375,0.88330078125
IMG_03533,Anemic-FN-037,1.0,2.31640625,0.91015625
IMG_03534,Anemic-FN-037,1.0,2.650390625,0.93408203125
IMG_03535,Anemic-FN-037,1.0,3.57421875,0.97265625
IMG_03536,Anemic-FN-037,1.0,2.20703125,0.90087890625
IMG_03537,Anemic-FN-037,1.0,2.18359375,0.89892578125
IMG_03538,Anemic-FN-037,1.0,3.0625,0.955078125
IMG_03539,Anemic-FN-037,1.0,2.537109375,0.9267578125
IMG_03540,Anemic-FN-037,1.0,2.40625,0.91748046875
IMG_03565,Anemic-FN-046,1.0,1.4892578125,0.81591796875
IMG_03566,Anemic-FN-046,1.0,2.158203125,0.896484375
IMG_03567,Anemic-FN-046,1.0,2.041015625,0.88525390625
IMG_03568,Anemic-FN-046,1.0,3.3203125,0.96533203125
IMG_03569,Anemic-FN-046,1.0,1.6962890625,0.84521484375
IMG_03570,Anemic-FN-046,1.0,2.1484375,0.8955078125
IMG_03571,Anemic-FN-046,1.0,2.314453125,0.91015625
IMG_03572,Anemic-FN-046,1.0,2.27734375,0.9072265625
IMG_03573,Anemic-FN-046,1.0,2.091796875,0.89013671875
IMG_03574,Anemic-FN-046,1.0,1.8798828125,0.86767578125
IMG_03575,Anemic-FN-046,1.0,1.46875,0.81298828125
IMG_03576,Anemic-FN-046,1.0,0.72705078125,0.67431640625
IMG_03589,Anemic-FN-052,1.0,2.962890625,0.95068359375
IMG_03590,Anemic-FN-052,1.0,3.580078125,0.97265625
IMG_03591,Anemic-FN-052,1.0,2.0234375,0.88330078125
IMG_03592,Anemic-FN-052,1.0,2.005859375,0.88134765625
IMG_03593,Anemic-FN-052,1.0,1.7412109375,0.85107421875
IMG_03594,Anemic-FN-052,1.0,1.6015625,0.83203125
IMG_03595,Anemic-FN-052,1.0,2.529296875,0.92626953125
IMG_03596,Anemic-FN-052,1.0,2.541015625,0.9267578125
IMG_03597,Anemic-FN-052,1.0,2.568359375,0.9287109375
IMG_03598,Anemic-FN-052,1.0,2.779296875,0.94140625
IMG_03599,Anemic-FN-052,1.0,1.9638671875,0.876953125
IMG_03780,Anemic-FN-164,1.0,2.83203125,0.9443359375
IMG_03781,Anemic-FN-164,1.0,3.19140625,0.96044921875
IMG_03782,Anemic-FN-164,1.0,1.888671875,0.86865234375
IMG_03783,Anemic-FN-164,1.0,3.001953125,0.95263671875
IMG_03784,Anemic-FN-164,1.0,2.625,0.9326171875
IMG_03785,Anemic-FN-164,1.0,2.482421875,0.9228515625
IMG_03792,Anemic-FN-169,1.0,1.81640625,0.8603515625
IMG_03793,Anemic-FN-169,1.0,1.193359375,0.767578125
IMG_03794,Anemic-FN-169,1.0,2.263671875,0.90576171875
IMG_03795,Anemic-FN-169,1.0,2.779296875,0.94140625
IMG_03796,Anemic-FN-169,1.0,2.4453125,0.92041015625
IMG_03797,Anemic-FN-169,1.0,0.953125,0.7216796875
IMG_03846,Anemic-FN-215,1.0,1.923828125,0.87255859375
IMG_03847,Anemic-FN-215,1.0,1.943359375,0.87451171875
IMG_03848,Anemic-FN-215,1.0,2.16015625,0.896484375
IMG_03849,Anemic-FN-215,1.0,1.263671875,0.77978515625
IMG_03850,Anemic-FN-215,1.0,1.666015625,0.8408203125
IMG_03851,Anemic-FN-215,1.0,3.3828125,0.96728515625
IMG_03894,Anemic-FN-267,1.0,1.70703125,0.8466796875
IMG_03895,Anemic-FN-267,1.0,1.21484375,0.77099609375
IMG_03896,Anemic-FN-267,1.0,2.146484375,0.8955078125
IMG_03897,Anemic-FN-267,1.0,2.283203125,0.90771484375
IMG_03898,Anemic-FN-267,1.0,3.103515625,0.95703125
IMG_03899,Anemic-FN-267,1.0,2.263671875,0.90576171875
IMG_03936,Non-anemic-Fin-013,1.0,3.248046875,0.96240234375
IMG_03937,Non-anemic-Fin-013,1.0,2.11328125,0.89208984375
IMG_03938,Non-anemic-Fin-013,1.0,1.326171875,0.7900390625
IMG_03939,Non-anemic-Fin-013,1.0,2.876953125,0.94677734375
IMG_03940,Non-anemic-Fin-013,1.0,2.396484375,0.91650390625
IMG_03941,Non-anemic-Fin-013,1.0,2.5078125,0.9248046875
IMG_04008,Non-Anrmic-FN-051,0.0,-2.96484375,0.049041748046875
IMG_04009,Non-Anrmic-FN-051,0.0,-4.1875,0.01495361328125
IMG_04010,Non-Anrmic-FN-051,0.0,-3.640625,0.0255584716796875
IMG_04011,Non-Anrmic-FN-051,0.0,-2.6875,0.063720703125
IMG_04012,Non-Anrmic-FN-051,0.0,-3.58203125,0.027069091796875
IMG_04013,Non-Anrmic-FN-051,0.0,-3.486328125,0.0297088623046875
IMG_04074,Non-Anrmic-FN-110,0.0,-3.638671875,0.0256195068359375
IMG_04075,Non-Anrmic-FN-110,0.0,-2.984375,0.048126220703125
IMG_04076,Non-Anrmic-FN-110,0.0,-2.888671875,0.052703857421875
IMG_04077,Non-Anrmic-FN-110,0.0,-3.099609375,0.043121337890625
IMG_04078,Non-Anrmic-FN-110,0.0,-3.98828125,0.0181884765625
IMG_04079,Non-Anrmic-FN-110,0.0,-3.115234375,0.04248046875
IMG_04128,Non-Anrmic-FN-172,0.0,-3.046875,0.04534912109375
IMG_04129,Non-Anrmic-FN-172,0.0,-3.89453125,0.0199432373046875
IMG_04130,Non-Anrmic-FN-172,0.0,-3.431640625,0.03131103515625
IMG_04131,Non-Anrmic-FN-172,0.0,-3.376953125,0.03302001953125
IMG_04132,Non-Anrmic-FN-172,0.0,-2.556640625,0.07196044921875
IMG_04133,Non-Anrmic-FN-172,0.0,-2.8203125,0.056243896484375
IMG_04134,Non-Anrmic-FN-172,0.0,-4.15234375,0.0154876708984375
IMG_04135,Non-Anrmic-FN-172,0.0,-2.3046875,0.09075927734375
IMG_04136,Non-Anrmic-FN-172,0.0,-4.12890625,0.015838623046875
IMG_04137,Non-Anrmic-FN-172,0.0,-3.51953125,0.0287628173828125
IMG_04138,Non-Anrmic-FN-172,0.0,-3.5,0.0293121337890625
IMG_04139,Non-Anrmic-FN-172,0.0,-3.859375,0.0206451416015625
IMG_04188,Non-Anrmic-FN-188,0.0,-2.423828125,0.08135986328125
IMG_04189,Non-Anrmic-FN-188,0.0,-2.810546875,0.0567626953125
IMG_04190,Non-Anrmic-FN-188,0.0,-3.216796875,0.038543701171875
IMG_04191,Non-Anrmic-FN-188,0.0,-3.0234375,0.04638671875
IMG_04192,Non-Anrmic-FN-188,0.0,-2.15625,0.103759765625
IMG_04193,Non-Anrmic-FN-188,0.0,-2.76171875,0.059417724609375
IMG_04194,Non-Anrmic-FN-188,0.0,-3.623046875,0.0260009765625
IMG_04195,Non-Anrmic-FN-188,0.0,-3.650390625,0.02532958984375
IMG_04196,Non-Anrmic-FN-188,0.0,-2.40234375,0.0830078125
IMG_04197,Non-Anrmic-FN-188,0.0,-3.607421875,0.0264129638671875
IMG_04198,Non-Anrmic-FN-188,0.0,-3.998046875,0.0180206298828125
IMG_04199,Non-Anrmic-FN-188,0.0,-3.296875,0.035675048828125
