epoch,stage,train_loss,train_auc,val_loss,val_auc
1,1,0.2038936502945252,0.9949856058749177,0.06646587011905816,1.0
2,1,0.05641853191254731,0.9999591485598666,0.027372726454184607,1.0
3,1,0.03326877113587275,0.999987984870549,0.017044018524197433,1.0
4,1,0.02169100152601815,0.9999980775792879,0.011624315610298743,1.0
5,1,0.017521307250746826,0.9999980775792878,0.008464249782264233,1.0
6,1,0.015140699589549698,0.9999990387896439,0.006875546362537604,1.0
7,1,0.011488649364333069,1.0,0.005391233529035862,1.0
8,1,0.009952096260599903,1.0,0.003999508612860854,0.9999999999999999
9,1,0.008086232390227353,1.0,0.0029324927689650883,1.0
10,1,0.006939892633296885,1.0,0.0030282850628002332,1.0
11,1,0.008662299064168195,0.9999937521326856,0.0021945177756536463,1.0
12,1,0.006762971884685836,1.0,0.0021870769023035583,1.0
13,1,0.006769744835381987,1.0,0.001708428357512905,1.0
14,1,0.0055664585351899165,0.9999995193948219,0.0013949332418493354,1.0
15,1,0.005583289937877631,0.9999990387896438,0.0015910724267506828,1.0
16,2,0.005468365264421088,1.0,0.0010644129047600122,1.0
17,2,0.004198379773550753,1.0,0.0009711227791670423,1.0
18,2,0.004711208627314978,0.9999990387896439,0.000745868981959155,1.0
19,2,0.004008923370809339,1.0,0.0007517620419653562,1.0
20,2,0.003834563826957286,0.999999038789644,0.0007242273960190897,1.0
21,2,0.0031964262126581828,0.9999985581844658,0.0005678471061401069,1.0
22,2,0.003419034138839658,1.0,0.0005123674950132576,1.0
23,2,0.002064368290676696,1.0,0.00042125006663039897,1.0
24,2,0.002994079536590644,0.9999995193948219,0.000460098497569561,1.0
25,2,0.0028690917354901382,1.0,0.00041275878007022233,1.0
26,2,0.004385419899157151,0.9999927909223294,0.0004057943565735164,1.0
27,2,0.002396095534803696,1.0,0.00032989083243032487,1.0
28,2,0.0027784587018194304,1.0,0.00032714551511722116,1.0
29,2,0.0018604373035778507,1.0,0.00036151262779290287,1.0
30,2,0.0017194313236391355,1.0,0.00027231886857547437,1.0
31,2,0.0020278493712046,1.0,0.00031900205738985766,1.0
32,2,0.0021416441559766047,1.0,0.000296830807481176,0.9999999999999999
33,2,0.0023367753019167443,1.0,0.00024647671335305157,1.0
34,2,0.0021038058878153167,1.0,0.000242980870937642,1.0
35,2,0.0015566336215784723,1.0,0.00022996764052480174,1.0
36,2,0.0016842597535902536,1.0,0.0002742287604353176,1.0
37,2,0.001945022273022399,1.0,0.00019719720652434402,1.0
38,2,0.002490620460358753,0.9999980775792878,0.0002319232634573172,1.0
39,2,0.0020850128307502943,1.0,0.00021120620210869954,1.0
40,2,0.0014779343057355061,1.0,0.00020211523336071806,1.0
41,2,0.0013639895533884582,1.0,0.00018727340592214695,1.0
42,2,0.0019812797248485474,0.9999990387896439,0.0001761517767310859,1.0
43,2,0.0016276870811880232,1.0,0.00017665232007857412,1.0
44,2,0.0020614988781229244,0.9999995193948219,0.00018721234272771442,1.0
45,2,0.0017124417098223505,1.0,0.0001992978896641244,0.9999999999999999
46,2,0.00203035715401093,0.9999980775792878,0.00018151962565473066,1.0
47,2,0.0014987519664779825,1.0,0.00020260835523143984,1.0
48,2,0.0021459365822048097,0.9999975969741097,0.00013918703301057505,1.0
49,2,0.002416132534789158,0.999999519394822,0.0002154572855663271,1.0
50,2,0.0011174635941192577,1.0,0.0001841132280577977,1.0
51,2,0.00113970381834571,1.0,0.00019082039831958426,1.0
52,2,0.002578767122599059,1.0,0.00019863961139120735,1.0
53,2,0.001670166188004625,1.0,0.00018204871762114076,1.0
54,2,0.0024284136205733648,0.9999985581844659,0.00015264632440028855,1.0
55,2,0.001188641173475367,1.0,0.00016323804447893053,1.0
